試験回数,時間[sec],移動量[mm],荷重[N]
1,0.04,0,1.54972076416016E-02
1,0.1,0,6.55651092529297E-03
1,0.16,0,2.98023223876953E-03
1,0.22,0,1.19209289550781E-03
1,0.28,0.036666298750788,0.187158584594727
1,0.34,0.086665797047317,1.56998634338379
1,0.4,0.136665295343846,3.83496284484863
1,0.46,0.186664793640375,6.2185525894165
1,0.52,0.233330992050469,8.43822956085205
1,0.58,0.286663790233433,10.5577707290649
1,0.64,0.333329988643527,12.6492977142334
1,0.7,0.386662786826491,14.7640705108643
1,0.76,0.433328985236585,16.8728828430176
1,0.82,0.48666178341955,18.9721584320068
1,0.88,0.533327981829643,21.0559368133545
1,0.94,0.583327480126172,23.1492519378662
1,1,0.633326978422701,25.2437591552734
1,1.06,0.68332647671923,27.315616607666
1,1.12,0.733325975015759,29.3493270874023
1,1.18,0.783325473312289,31.3758850097656
1,1.24,0.833324971608818,33.3857536315918
1,1.3,0.883324469905347,35.3503227233887
1,1.36,0.933323968201876,37.3125076293945
1,1.42,0.983323466498405,39.2484664916992
1,1.48,1.03332296479493,41.1891937255859
1,1.54,1.08332246309146,43.0965423583984
1,1.6,1.13332196138799,45.013427734375
1,1.66,1.18332145968452,46.8993186950684
1,1.72,1.23332095798105,48.7542152404785
1,1.78,1.28332045627758,50.6305694580078
1,1.84,1.33331995457411,52.4711608886719
1,1.9,1.38331945287064,54.328441619873
1,1.96,1.43331895116717,56.1714172363281
1,2.02,1.4833184494637,58.0406188964844
1,2.08,1.53331794776022,59.8907470703125
1,2.14,1.58331744605675,61.6931915283203
1,2.2,1.63331694435328,63.4574890136719
1,2.26,1.68331644264981,65.2074813842773
1,2.32,1.73331594094634,66.9956207275391
1,2.38,1.78331543924287,68.7646865844727
1,2.44,1.8333149375394,70.490837097168
1,2.5,1.88331443583593,72.2789764404297
1,2.56,1.93331393413246,74.0194320678711
1,2.62,1.98331343242899,75.7646560668945
1,2.68,2.03331293072552,77.4431228637695
1,2.74,2.08331242902204,79.1454315185547
1,2.8,2.13331192731857,80.8334350585938
1,2.86,2.1833114256151,82.5357437133789
1,2.92,2.23331092391163,84.223747253418
1,2.98,2.28331042220816,85.8640670776367
1,3.04,2.33330992050469,87.5377655029297
1,3.1,2.38330941880122,89.1351699829102
1,3.16,2.43330891709775,90.7421112060547
1,3.22,2.48330841539428,92.3347473144531
1,3.28,2.53330791369081,93.9226150512695
1,3.34,2.58330741198733,95.4151153564453
1,3.4,2.63330691028386,96.8360900878906
1,3.46,2.68330640858039,98.1950759887695
1,3.52,2.73330590687692,99.6303558349609
1,3.58,2.78330540517345,101.089477539063
1,3.64,2.83330490346998,102.572441101074
1,3.7,2.88330440176651,104.055404663086
1,3.76,2.93330390006304,105.600357055664
1,3.82,2.98330339835957,107.107162475586
1,3.88,3.0333028966561,108.647346496582
1,3.94,3.08330239495263,110.16845703125
1,4,3.13330189324915,111.703872680664
1,4.06,3.18330139154568,113.19637298584
1,4.12,3.23330088984221,114.650726318359
1,4.18,3.28330038813874,116.186141967773
1,4.24,3.33329988643527,117.597579956055
1,4.3,3.3832993847318,119.075775146484
1,4.36,3.43329888302833,120.59211730957
1,4.42,3.48329838132486,121.974945068359
1,4.48,3.53329787962139,123.481750488281
1,4.54,3.58329737791792,124.874114990234
1,4.6,3.63329687621445,126.285552978516
1,4.66,3.68329637451097,127.668380737305
1,4.72,3.7332958728075,129.108428955078
1,4.78,3.78329537110403,130.529403686523
1,4.84,3.83329486940056,131.988525390625
1,4.9,3.88329436769709,133.371353149414
1,4.96,3.93329386599362,134.725570678711
1,5.02,3.98329336429015,136.146545410156
1,5.08,4.03329286258668,137.577056884766
1,5.14,4.08329236088321,138.998031616211
1,5.2,4.13329185917974,140.33317565918
1,5.26,4.18329135747626,141.763687133789
1,5.32,4.23329085577279,143.108367919922
1,5.38,4.28329035406932,144.433975219727
1,5.44,4.33328985236585,145.750045776367
1,5.5,4.38328935066238,147.056579589844
1,5.56,4.43328884895891,148.458480834961
1,5.62,4.48328834725544,149.803161621094
1,5.68,4.53328784555197,151.128768920898
1,5.74,4.5832873438485,152.397155761719
1,5.8,4.63328684214503,153.684616088867
1,5.86,4.68328634044155,154.98161315918
1,5.92,4.73328583873808,156.364440917969
1,5.98,4.78328533703461,157.604217529297
1,6.04,4.83328483533114,158.901214599609
1,6.1,4.88328433362767,160.226821899414
1,6.16,4.9332838319242,161.48567199707
1,6.22,4.98328333022073,162.773132324219
1,6.28,5.03328282851726,164.089202880859
1,6.34,5.08328232681379,165.300369262695
1,6.4,5.13328182511032,166.645050048828
1,6.46,5.18328132340685,167.875289916992
1,6.52,5.23328082170337,169.200897216797
1,6.58,5.2832803199999,170.431137084961
1,6.64,5.33327981829643,171.699523925781
1,6.7,5.38327931659296,173.015594482422
1,6.76,5.43327881488949,174.274444580078
1,6.82,5.48327831318602,175.418853759766
1,6.88,5.53327781148255,176.610946655273
1,6.94,5.58327730977908,177.841186523438
1,7,5.63327680807561,178.976058959961
1,7.06,5.68327630637214,180.177688598633
1,7.12,5.73327580466867,181.493759155273
1,7.18,5.78327530296519,182.704925537109
1,7.24,5.83327480126172,183.906555175781
1,7.3,5.88327429955825,185.127258300781
1,7.36,5.93327379785478,186.271667480469
1,7.42,5.98327329615131,187.454223632813
1,7.48,6.03327279444784,188.665390014648
1,7.54,6.08327229274437,189.857482910156
1,7.6,6.1332717910409,191.078186035156
1,7.66,6.18327128933743,192.21305847168
1,7.72,6.23327078763396,193.424224853516
1,7.78,6.28327028593048,194.673538208008
1,7.84,6.33326978422701,195.789337158203
1,7.9,6.38326928252354,197.010040283203
1,7.96,6.43326878082007,198.135375976563
1,8.02,6.4832682791166,199.317932128906
1,8.08,6.53326777741313,200.471878051758
1,8.14,6.58326727570966,201.644897460938
1,8.2,6.63326677400619,202.846527099609
1,8.26,6.68326627230272,204.038619995117
1,8.32,6.73326577059925,205.192565917969
1,8.38,6.78326526889578,206.25114440918
1,8.44,6.83326476719231,207.414627075195
1,8.5,6.88326426548883,208.587646484375
1,8.56,6.93326376378536,209.65576171875
1,8.62,6.98326326208189,210.771560668945
1,8.68,7.03326276037842,211.830139160156
1,8.74,7.08326225867495,212.955474853516
1,8.8,7.13326175697148,214.023590087891
1,8.86,7.18326125526801,215.072631835938
1,8.92,7.23326075356454,216.064453125
1,8.98,7.28326025186107,217.113494873047
1,9.04,7.33325975015759,218.172073364258
1,9.1,7.38325924845412,219.154357910156
1,9.16,7.43325874675065,220.155715942383
1,9.22,7.48325824504718,221.242904663086
1,9.28,7.53325774334371,222.272872924805
1,9.34,7.58325724164024,223.321914672852
1,9.4,7.63325673993677,224.380493164063
1,9.46,7.6832562382333,225.419998168945
1,9.52,7.73325573652983,226.449966430664
1,9.58,7.78325523482636,227.499008178711
1,9.64,7.83325473312289,228.538513183594
1,9.7,7.87992093153298,229.597091674805
1,9.76,7.92992042982951,230.588912963867
1,9.82,7.97991992812604,231.62841796875
1,9.88,8.02991942642257,232.601165771484
1,9.94,8.06658572517335,233.516693115234
1,10,8.06658572517335,233.287811279297
1,10.06,8.06658572517335,231.657028198242
1,10.12,8.04991922574118,229.768753051758
1,10.18,8.00325302733108,227.222442626953
1,10.24,7.95658682892099,223.560333251953
1,10.3,7.90658733062446,219.564437866211
1,10.36,7.85658783232793,215.816497802734
1,10.42,7.8065883340314,212.278366088867
1,10.48,7.75658883573487,209.150314331055
1,10.54,7.70658933743835,205.984115600586
1,10.6,7.65658983914182,202.970504760742
1,10.66,7.60659034084529,200.071334838867
1,10.72,7.55659084254876,197.277069091797
1,10.78,7.50659134425223,194.530487060547
1,10.84,7.4565918459557,191.774368286133
1,10.9,7.40659234765917,189.170837402344
1,10.96,7.35659284936264,186.519622802734
1,11.02,7.30659335106611,183.935165405273
1,11.08,7.25659385276958,181.379318237305
1,11.14,7.20659435447305,178.918838500977
1,11.2,7.15659485617653,176.486968994141
1,11.26,7.10659535788,174.007415771484
1,11.32,7.05659585958347,171.661376953125
1,11.38,7.00659636128694,169.258117675781
1,11.44,6.95659686299041,166.912078857422
1,11.5,6.90659736469388,164.623260498047
1,11.56,6.85659786639735,162.315368652344
1,11.62,6.80659836810082,160.036087036133
1,11.68,6.75659886980429,157.804489135742
1,11.74,6.70659937150776,155.582427978516
1,11.8,6.65659987321123,153.331756591797
1,11.86,6.60660037491471,151.205062866211
1,11.92,6.55660087661818,149.030685424805
1,11.98,6.50660137832165,146.884918212891
1,12.04,6.45660188002512,144.729614257813
1,12.1,6.40660238172859,142.650604248047
1,12.16,6.35660288343206,140.628814697266
1,12.22,6.30660338513553,138.473510742188
1,12.28,6.256603886839,136.489868164063
1,12.34,6.20660438854247,134.429931640625
1,12.4,6.15660489024594,132.455825805664
1,12.46,6.10660539194942,130.434036254883
1,12.52,6.05660589365289,128.517150878906
1,12.58,6.00660639535636,126.552581787109
1,12.64,5.95660689705983,124.645233154297
1,12.7,5.9066073987633,122.718811035156
1,12.76,5.85660790046677,120.89729309082
1,12.82,5.80660840217024,119.094848632813
1,12.88,5.75660890387371,117.158889770508
1,12.94,5.70660940557718,115.232467651367
1,13,5.65660990728065,113.310813903809
1,13.06,5.60661040898412,111.422538757324
1,13.12,5.5566109106876,109.591484069824
1,13.18,5.50661141239107,107.717514038086
1,13.24,5.45661191409454,105.915069580078
1,13.3,5.40661241579801,104.093551635742
1,13.36,5.35661291750148,102.28157043457
1,13.42,5.30661341920495,100.445747375488
1,13.48,5.25661392090842,98.6480712890625
1,13.54,5.20661442261189,96.8503952026367
1,13.6,5.15661492431536,95.0336456298828
1,13.66,5.10661542601883,93.235969543457
1,13.72,5.05661592772231,91.4716720581055
1,13.78,5.00661642942578,89.7550582885742
1,13.84,4.95661693112925,88.0002975463867
1,13.9,4.90661743283272,86.2407684326172
1,13.96,4.85661793453619,84.4764709472656
1,14.02,4.80661843623966,82.7550888061523
1,14.08,4.75661893794313,81.0003280639648
1,14.14,4.7066194396466,79.2741775512695
1,14.2,4.65661994135007,77.6004791259766
1,14.26,4.60662044305354,75.9506225585938
1,14.32,4.55662094475701,74.2673873901367
1,14.38,4.50662144646049,72.5746154785156
1,14.44,4.45662194816396,70.8961486816406
1,14.5,4.40662244986743,69.2081451416016
1,14.56,4.3566229515709,67.5249099731445
1,14.62,4.30662345327437,65.9036636352539
1,14.68,4.25662395497784,64.2728805541992
1,14.74,4.20662445668131,62.56103515625
1,14.8,4.15662495838478,60.9111785888672
1,14.86,4.10995875997469,59.3137741088867
1,14.92,4.05662596179172,57.7187538146973
1,14.98,4.00995976338163,56.1046600341797
1,15.04,3.9599602650851,54.5215606689453
1,15.1,3.90996076678857,52.947998046875
1,15.16,3.85996126849204,51.3815879821777
1,15.22,3.80996177019551,49.7627258300781
1,15.28,3.75996227189898,48.1486320495605
1,15.34,3.70996277360246,46.536922454834
1,15.4,3.65996327530593,44.9466705322266
1,15.46,3.6099637770094,43.3897972106934
1,15.52,3.55996427871287,41.8519973754883
1,15.58,3.50996478041634,40.2975082397461
1,15.64,3.45996528211981,38.7668609619141
1,15.7,3.40996578382328,37.2123718261719
1,15.76,3.35996628552675,35.6388092041016
1,15.82,3.30996678723022,34.0652465820313
1,15.88,3.25996728893369,32.505989074707
1,15.94,3.20996779063717,30.9610366821289
1,16,3.15996829234064,29.4399261474609
1,16.06,3.10996879404411,27.9569625854492
1,16.12,3.05996929574758,26.4322757720947
1,16.18,3.00996979745105,24.944543838501
1,16.24,2.95997029915452,23.491382598877
1,16.3,2.90997080085799,22.0286846160889
1,16.36,2.85997130256146,20.5230712890625
1,16.42,2.80997180426493,19.0114974975586
1,16.48,2.7599723059684,17.5297260284424
1,16.54,2.70997280767187,16.0610675811768
1,16.6,2.65997330937535,14.56618309021
1,16.66,2.60997381107882,13.0939483642578
1,16.72,2.55997431278229,11.6568803787231
1,16.78,2.50997481448576,10.2269649505615
1,16.84,2.45997531618923,8.83102416992188
1,16.9,2.4099758178927,7.42495059967041
1,16.96,2.35997631959617,5.94913959503174
1,17.02,2.30997682129964,4.50193881988525
1,17.08,2.25997732300311,3.05354595184326
1,17.14,2.20997782470658,1.62303447723389
1,17.2,2.15997832641006,0.230669975280762
1,17.26,2.10997882811353,-1.10387802124023
1,17.32,2.059979329817,-2.4104118347168
1,17.38,2.00997983152047,-3.64899635314941
1,17.44,1.95998033322394,-4.78565692901611
1,17.5,1.90998083492741,-5.88417053222656
1,17.56,1.85998133663088,-7.05718994140625
1,17.62,1.80998183833435,-8.29994678497314
1,17.68,1.75998234003782,-9.61124897003174
1,17.74,1.70998284174129,-11.0077857971191
1,17.8,1.65998334344476,-12.2684240341187
1,17.86,1.60998384514824,-13.4861469268799
1,17.92,1.55998434685171,-14.7783756256104
1,17.98,1.50998484855518,-16.0419940948486
1,18.04,1.45998535025865,-17.2877311706543
1,18.1,1.40998585196212,-18.5489654541016
1,18.16,1.35998635366559,-19.8662281036377
1,18.22,1.30998685536906,-21.2681293487549
1,18.28,1.25998735707253,-22.6616859436035
1,18.34,1.209987858776,-23.9920616149902
1,18.4,1.15998836047947,-25.2914428710938
1,18.46,1.10998886218295,-26.4573097229004
1,18.52,1.05998936388642,-27.4646282196045
1,18.58,1.00998986558989,-28.531551361084
1,18.64,0.959990367293358,-29.6878814697266
1,18.7,0.909990868996829,-30.8918952941895
1,18.76,0.8599913707003,-32.1173667907715
1,18.82,0.809991872403771,-33.3476066589355
1,18.88,0.759992374107242,-34.5325469970703
1,18.94,0.709992875810713,-35.8009338378906
1,19,0.659993377514184,-37.1217727661133
1,19.06,0.609993879217654,-38.4521484375
1,19.12,0.559994380921125,-39.823055267334
1,19.18,0.509994882624596,-41.19873046875
1,19.24,0.459995384328067,-42.5529479980469
1,19.3,0.409995886031538,-43.8952445983887
1,19.36,0.359996387735009,-45.2089309692383
1,19.42,0.30999688943848,-46.4940071105957
1,19.48,0.259997391141951,-47.7838516235352
1,19.54,0.209997892845422,-49.0951538085938
1,19.6,0.159998394548893,-50.3945350646973
1,19.66,0.109998896252364,-51.6891479492188
1,19.72,5.99993979558349E-02,-52.9646873474121
1,19.78,9.99989965930581E-03,-54.2426109313965
1,19.84,-3.33329988643527E-02,-55.5229187011719
1,19.9,0,-56.1356544494629
1,19.96,0,-55.5276870727539
1,20.02,0,-54.5310974121094
1,20.08,0,-53.6346435546875
1,20.14,0,-52.9241561889648
1,20.2,0,-52.330493927002
1,20.26,0,-51.8178939819336
1,20.32,0,-51.3076782226563
1,20.38,0,-50.8570671081543
1,20.44,0,-50.4422187805176
1,20.5,0,-50.0392913818359
1,20.56,0,-49.6649742126465
1,20.62,0,-49.3073463439941
1,20.68,0,-48.9640235900879
1,20.74,0,-48.6469268798828
1,20.8,0,-48.3322143554688
1,20.86,0,-48.0437278747559
1,20.92,0,-47.7457046508789
1,20.98,0,-47.5001335144043
1,21.04,0,-47.2378730773926
1,21.1,0,-46.9827651977539
1,21.16,0,-46.7348098754883
1,21.22,0,-46.4916229248047
1,21.28,0,-46.2651252746582
1,21.34,0,-46.0457801818848
1,21.4,0,-45.8312034606934
1,21.46,0,-45.6428527832031
1,21.52,0,-45.4401969909668
1,21.58,0,-45.2542304992676
1,21.64,0,-45.0491905212402
1,21.7,0,-44.8369979858398
1,21.76,0,-44.6844100952148
1,21.82,0,-44.5008277893066
1,21.88,0,-44.3291664123535
1,21.94,0,-44.1646575927734
1,22,0,-43.9929962158203
1,22.06,0,-43.8451766967773
1,22.12,0,-43.6878204345703
1,22.18,0,-43.5495376586914
1,22.24,0,-43.3921813964844
1,22.3,0,-43.2562828063965
1,22.36,0,-43.1156158447266
1,22.42,0,-42.9773330688477
1,22.48,0,-42.8199768066406
1,22.54,0,-42.6721572875977
1,22.6,0,-42.5553321838379
1,22.66,0,-42.4313545227051
1,22.72,0,-42.3073768615723
1,22.78,0,-42.1643257141113
1,22.84,0,-42.0379638671875
1,22.9,0,-41.9282913208008
1,22.96,0,-41.8281555175781
1,23.02,0,-41.6994094848633
1,23.08,0,-41.5682792663574
1,23.14,0,-41.4633750915527
1,23.2,0,-41.346549987793
1,23.26,0,-41.2440299987793
1,23.32,0,-41.1248207092285
1,23.38,0,-41.0032272338867
1,23.44,0,-40.9126281738281
1,23.5,0,-40.8077239990234
1,23.56,0,-40.7099723815918
1,23.62,0,-40.595531463623
1,23.68,0,-40.5049324035645
1,23.74,0,-40.4191017150879
1,23.8,0,-40.3165817260742
1,23.86,0,-40.1997566223145
1,23.92,0,-40.130615234375
1,23.98,0,-40.0376319885254
1,24.04,0,-39.9446487426758
1,24.1,0,-39.8468971252441
1,24.16,0,-39.7729873657227
1,24.22,0,-39.6990776062012
1,24.28,0,-39.6203994750977
1,24.34,0,-39.5417213439941
1,24.4,0,-39.4678115844727
1,24.46,0,-39.3867492675781
1,24.52,0,-39.2985343933105
1,24.58,0,-39.210319519043
1,24.64,0,-39.1244888305664
1,24.7,0,-39.0505790710449
1,24.76,0,-38.9790534973145
1,24.82,0,-38.914680480957
1,24.88,0,-38.8431549072266
1,24.94,0,-38.7668609619141
1,25,0,-38.7001037597656
1,25.06,0,-38.6357307434082
1,25.12,0,-38.5665893554688
1,25.18,0,-38.4736061096191
1,25.24,0,-38.4235382080078
1,25.3,0,-38.3639335632324
1,25.36,0,-38.297176361084
1,25.42,0,-38.2328033447266
1,25.48,0,-38.1612777709961
1,25.54,0,-38.0825996398926
1,25.6,0,-38.0229949951172
1,25.66,0,-37.9538536071777
1,25.72,0,-37.8918647766113
1,25.78,0,-37.8155708312988
1,25.84,0,-37.7631187438965
1,25.9,0,-37.7058982849121
1,25.96,0,-37.6248359680176
1,26.02,0,-37.5604629516602
1,26.08,0,-37.5080108642578
1,26.14,0,-37.4579429626465
1,26.2,0,-37.4174118041992
1,26.26,0,-37.3363494873047
1,26.32,0,-37.2910499572754
1,26.38,0,-37.224292755127
1,26.44,0,-37.1646881103516
1,26.5,0,-37.1098518371582
1,26.56,0,-37.0550155639648
1,26.62,0,-36.9834899902344
1,26.68,0,-36.9405746459961
1,26.74,0,-36.8928909301758
1,26.8,0,-36.8428230285645
1,26.86,0,-36.7975234985352
1,26.92,0,-36.7307662963867
1,26.98,0,-36.6878509521484
1,27.04,0,-36.628246307373
1,27.1,0,-36.5757942199707
1,27.16,0,-36.5161895751953
1,27.22,0,-36.4851951599121
1,27.28,0,-36.4279747009277
1,27.34,0,-36.3850593566895
1,27.4,0,-36.3445281982422
1,27.46,0,-36.2896919250488
1,27.52,0,-36.2443923950195
1,27.58,0,-36.2110137939453
1,27.64,0,-36.1347198486328
1,27.7,0,-36.1037254333496
1,27.76,0,-36.0560417175293
1,27.82,0,-36.0226631164551
1,27.88,0,-35.9725952148438
1,27.94,0,-35.9106063842773
1,28,0,-35.862922668457
1,28.06,0,-35.8343124389648
1,28.12,0,-35.7699394226074
1,28.18,0,-35.7437133789063
1,28.24,0,-35.703182220459
1,28.3,0,-35.6698036193848
1,28.36,0,-35.6292724609375
1,28.42,0,-35.5839729309082
1,28.48,0,-35.5410575866699
1,28.54,0,-35.4886054992676
1,28.6,0,-35.4433059692383
1,28.66,0,-35.402774810791
1,28.72,0,-35.3837013244629
1,28.78,0,-35.3384017944336
1,28.84,0,-35.3050231933594
1,28.9,0,-35.2764129638672
1,28.96,0,-35.2287292480469
1,29.02,0,-35.1858139038086
1,29.08,0,-35.1667404174805
1,29.14,0,-35.1166725158691
1,29.2,0,-35.0856781005859
1,29.26,0,-35.0475311279297
1,29.32,0,-35.0236892700195
1,29.38,0,-35.0069999694824
1,29.44,0,-34.9593162536621
1,29.5,0,-34.935474395752
1,29.56,0,-34.8711013793945
1,29.62,0,-34.8615646362305
1,29.68,0,-34.8114967346191
1,29.74,0,-34.787654876709
1,29.8,0,-34.7399711608887
1,29.86,0,-34.6946716308594
1,29.92,0,-34.6612930297852
1,29.98,0,-34.6279144287109
1,30.04,0,-34.5993041992188
1,30.1,0,-34.5587730407715
1,30.16,9.99989965930581E-03,-34.5230102539063
1,30.22,5.33327981829643E-02,-34.1272354125977
1,30.28,0.103332296479493,-32.6180458068848
1,30.34,0.153331794776022,-30.5581092834473
1,30.4,0.203331293072552,-28.4671783447266
1,30.46,0.253330791369081,-26.4501571655273
1,30.52,0.30333028966561,-24.5010852813721
1,30.58,0.353329787962139,-22.6247310638428
1,30.64,0.403329286258668,-20.7960605621338
1,30.7,0.453328784555197,-19.0162658691406
1,30.76,0.503328282851726,-17.2507762908936
1,30.82,0.553327781148255,-15.3970718383789
1,30.88,0.603327279444784,-13.4873390197754
1,30.94,0.653326777741313,-11.6008520126343
1,31,0.703326276037842,-9.87768173217773
1,31.06,0.753325774334371,-8.32259654998779
1,31.12,0.799991972744465,-6.77764415740967
1,31.18,0.853324770927429,-5.12897968292236
1,31.24,0.899990969337523,-3.38733196258545
1,31.3,0.953323767520487,-1.68383121490479
1,31.36,0.999989965930581,-6.67572021484375E-02
1,31.42,1.04998946422711,1.58607959747314
1,31.48,1.09998896252364,3.3038854598999
1,31.54,1.14998846082017,5.0586462020874
1,31.6,1.1999879591167,6.81519508361816
1,31.66,1.24998745741323,8.58128070831299
1,31.72,1.29998695570976,10.3658437728882
1,31.78,1.34998645400628,12.1402740478516
1,31.84,1.39998595230281,13.9003992080688
1,31.9,1.44998545059934,15.6676769256592
1,31.96,1.49998494889587,17.4641609191895
1,32.02,1.5499844471924,19.2880630493164
1,32.08,1.59998394548893,21.0952758789063
1,32.14,1.64998344378546,22.8679180145264
1,32.2,1.69998294208199,24.6250629425049
1,32.26,1.74998244037852,26.397705078125
1,32.32,1.79998193867505,28.1679630279541
1,32.38,1.84998143697158,29.9406051635742
1,32.44,1.8999809352681,31.7215919494629
1,32.5,1.94998043356463,33.4882736206055
1,32.56,1.99997993186116,35.2144241333008
1,32.62,2.04997943015769,36.9501113891602
1,32.68,2.09997892845422,38.6977195739746
1,32.74,2.14997842675075,40.4143333435059
1,32.8,2.19997792504728,42.1643257141113
1,32.86,2.24997742334381,43.8809394836426
1,32.92,2.29997692164034,45.6523895263672
1,32.98,2.34997641993687,47.3642349243164
1,33.04,2.39997591823339,49.0808486938477
1,33.1,2.44997541652992,50.7736206054688
1,33.16,2.49997491482645,52.490234375
1,33.22,2.54997441312298,54.161548614502
1,33.28,2.59997391141951,55.8328628540039
1,33.34,2.64997340971604,57.4970245361328
1,33.4,2.69997290801257,59.1802597045898
1,33.46,2.7499724063091,60.8730316162109
1,33.52,2.79997190460563,62.5324249267578
1,33.58,2.84997140290216,64.2061233520508
1,33.64,2.89997090119869,65.8988952636719
1,33.7,2.94997039949521,67.5678253173828
1,33.76,2.99996989779174,69.279670715332
1,33.82,3.04996939608827,70.9056854248047
1,33.88,3.0999688943848,72.5460052490234
1,33.94,3.14996839268133,74.1958618164063
1,34,3.19996789097786,75.8457183837891
1,34.06,3.24996738927439,77.509880065918
1,34.12,3.29996688757092,79.188346862793
1,34.18,3.34996638586745,80.866813659668
1,34.24,3.39996588416398,82.5071334838867
1,34.3,3.4499653824605,84.1379165649414
1,34.36,3.49996488075703,85.7925415039063
1,34.42,3.54996437905356,87.4233245849609
1,34.48,3.59996387735009,89.0731811523438
1,34.54,3.64996337564662,90.6562805175781
1,34.6,3.69996287394315,92.310905456543
1,34.66,3.74996237223968,93.9512252807617
1,34.72,3.79996187053621,95.6201553344727
1,34.78,3.84996136883274,97.2557067871094
1,34.84,3.89996086712927,98.8864898681641
1,34.9,3.9499603654258,100.541114807129
1,34.96,3.99995986372232,102.18620300293
1,35.02,4.04995936201885,103.774070739746
1,35.08,4.09995886031538,105.385780334473
1,35.14,4.14995835861191,106.973648071289
1,35.2,4.19995785690844,108.59489440918
1,35.26,4.24995735520497,110.259056091309
1,35.32,4.2999568535015,111.870765686035
1,35.38,4.34995635179803,113.468170166016
1,35.44,4.39995585009456,115.07511138916
1,35.5,4.44995534839109,116.710662841797
1,35.56,4.49995484668762,118.312835693359
1,35.62,4.54995434498414,119.88639831543
1,35.68,4.59995384328067,121.50764465332
1,35.74,4.6499533415772,123.062133789063
1,35.8,4.69995283987373,124.664306640625
1,35.86,4.74995233817026,126.237869262695
1,35.92,4.79995183646679,127.859115600586
1,35.98,4.84995133476332,129.537582397461
1,36.04,4.89995083305985,131.158828735352
1,36.1,4.94995033135638,132.713317871094
1,36.16,4.99994982965291,134.305953979492
1,36.22,5.04994932794943,135.946273803711
1,36.28,5.09994882624596,137.538909912109
1,36.34,5.14994832454249,139.122009277344
1,36.4,5.19994782283902,140.743255615234
1,36.46,5.24994732113555,142.364501953125
1,36.52,5.29994681943208,143.909454345703
1,36.58,5.34994631772861,145.52116394043
1,36.64,5.39994581602514,147.0947265625
1,36.7,5.44994531432167,148.696899414063
1,36.76,5.4999448126182,150.184631347656
1,36.82,5.54994431091473,151.786804199219
1,36.88,5.59994380921125,153.331756591797
1,36.94,5.64994330750778,154.943466186523
1,37,5.69994280580431,156.564712524414
1,37.06,5.74994230410084,158.119201660156
1,37.12,5.79994180239737,159.749984741211
1,37.18,5.8499413006939,161.294937133789
1,37.24,5.89994079899043,162.830352783203
1,37.3,5.94994029728696,164.356231689453
1,37.36,5.99993979558349,165.929794311523
1,37.42,6.04993929388002,167.474746704102
1,37.48,6.09993879217654,169.0673828125
1,37.54,6.14993829047307,170.59326171875
1,37.6,6.1999377887696,172.195434570313
1,37.66,6.24993728706613,173.768997192383
1,37.72,6.29993678536266,175.313949584961
1,37.78,6.34993628365919,176.868438720703
1,37.84,6.39993578195572,178.432464599609
1,37.9,6.44993528025225,179.939270019531
1,37.96,6.49993477854878,181.465148925781
1,38.02,6.54993427684531,183.067321777344
1,38.08,6.59993377514184,184.564590454102
1,38.14,6.64993327343836,186.10954284668
1,38.2,6.69993277173489,187.654495239258
1,38.26,6.74993227003142,189.142227172852
1,38.32,6.79993176832795,190.706253051758
1,38.38,6.84993126662448,192.193984985352
1,38.44,6.89993076492101,193.748474121094
1,38.5,6.94993026321754,195.236206054688
1,38.56,6.99992976151407,196.781158447266
1,38.62,7.0499292598106,198.259353637695
1,38.68,7.09992875810713,199.785232543945
1,38.74,7.14992825640365,201.244354248047
1,38.8,7.19992775470018,202.68440246582
1,38.86,7.24992725299671,204.21028137207
1,38.92,7.29659345140681,205.726623535156
1,38.98,7.34659294970334,207.147598266602
1,39.04,7.39659244799986,208.635330200195
1,39.1,7.44659194629639,210.046768188477
1,39.16,7.49992474447936,211.572647094727
1,39.22,7.54659094288945,212.974548339844
1,39.28,7.59992374107242,214.424133300781
1,39.34,7.64658993948251,215.835571289063
1,39.4,7.69658943777904,217.199325561523
1,39.46,7.74658893607557,218.648910522461
1,39.52,7.7965884343721,219.993591308594
1,39.58,7.84658793266863,221.385955810547
1,39.64,7.89658743096516,222.663879394531
1,39.7,7.94658692926169,223.979949951172
1,39.76,7.99658642755821,225.26741027832
1,39.82,8.04658592585474,226.402282714844
1,39.88,8.06658572517335,227.30827331543
1,39.94,8.06658572517335,226.678848266602
1,40,8.06658572517335,224.96223449707
1,40.06,8.03658602619544,223.112106323242
1,40.12,7.98991982778534,220.308303833008
1,40.18,7.93992032948881,216.569900512695
1,40.24,7.88992083119228,212.75520324707
1,40.3,7.83992133289576,209.159851074219
1,40.36,7.78992183459923,205.745697021484
1,40.42,7.7399223363027,202.627182006836
1,40.48,7.68992283800617,199.604034423828
1,40.54,7.63992333970964,196.685791015625
1,40.6,7.58992384141311,193.691253662109
1,40.66,7.53992434311658,190.906524658203
1,40.72,7.48992484482005,188.179016113281
1,40.78,7.43992534652352,185.461044311523
1,40.84,7.389925848227,182.838439941406
1,40.9,7.33992634993047,180.273056030273
1,40.96,7.28992685163394,177.783966064453
1,41.02,7.23992735333741,175.266265869141
1,41.08,7.18992785504088,172.710418701172
1,41.14,7.13992835674435,170.297622680664
1,41.2,7.08992885844782,167.856216430664
1,41.26,7.03992936015129,165.548324584961
1,41.32,6.98992986185476,163.164138793945
1,41.38,6.93993036355823,160.865783691406
1,41.44,6.8899308652617,158.557891845703
1,41.5,6.83993136696517,156.288146972656
1,41.56,6.78993186866865,154.06608581543
1,41.62,6.73993237037212,151.815414428711
1,41.68,6.68993287207559,149.612426757813
1,41.74,6.63993337377906,147.428512573242
1,41.8,6.58993387548253,145.254135131836
1,41.86,6.539934377186,143.098831176758
1,41.92,6.48993487888947,140.972137451172
1,41.98,6.43993538059294,138.864517211914
1,42.04,6.38993588229641,136.728286743164
1,42.1,6.33993638399989,134.677886962891
1,42.16,6.28993688570336,132.617950439453
1,42.22,6.23993738740683,130.615234375
1,42.28,6.1899378891103,128.602981567383
1,42.34,6.13993839081377,126.590728759766
1,42.4,6.08993889251724,124.645233154297
1,42.46,6.03993939422071,122.785568237305
1,42.52,5.98993989592418,120.916366577148
1,42.58,5.93994039762765,118.97087097168
1,42.64,5.88994089933112,117.111206054688
1,42.7,5.83994140103459,115.156173706055
1,42.76,5.78994190273806,113.272666931152
1,42.82,5.73994240444154,111.351013183594
1,42.88,5.68994290614501,109.443664550781
1,42.94,5.63994340784848,107.564926147461
1,43,5.58994390955195,105.695724487305
1,43.06,5.53994441125542,103.826522827148
1,43.12,5.48994491295889,101.957321166992
1,43.18,5.43994541466236,100.092887878418
1,43.24,5.38994591636583,98.2475280761719
1,43.3,5.3399464180693,96.4498519897461
1,43.36,5.28994691977277,94.6664810180664
1,43.42,5.23994742147625,92.8640365600586
1,43.48,5.18994792317972,91.0854339599609
1,43.54,5.13994842488319,89.268684387207
1,43.6,5.08994892658666,87.4519348144531
1,43.66,5.03994942829013,85.6828689575195
1,43.72,4.9899499299936,83.9471817016602
1,43.78,4.93995043169707,82.240104675293
1,43.84,4.88995093340054,80.5187225341797
1,43.9,4.83995143510401,78.8402557373047
1,43.96,4.78995193680748,77.1665573120117
1,44.02,4.73995243851095,75.4737854003906
1,44.08,4.68995294021443,73.7142562866211
1,44.14,4.6399534419179,72.0119476318359
1,44.2,4.58995394362137,70.3334808349609
1,44.26,4.53995444532484,68.6788558959961
1,44.32,4.48995494702831,67.0051574707031
1,44.38,4.43995544873178,65.3171539306641
1,44.44,4.38995595043525,63.6911392211914
1,44.5,4.33995645213872,62.0651245117188
1,44.56,4.28995695384219,60.4438781738281
1,44.62,4.23995745554566,58.7368011474609
1,44.68,4.18995795724913,57.1036338806152
1,44.74,4.13995845895261,55.4585456848145
1,44.8,4.08995896065608,53.8420677185059
1,44.86,4.03995946235955,52.2351264953613
1,44.92,3.98995996406302,50.6162643432617
1,44.98,3.93996046576649,48.9902496337891
1,45.04,3.88996096746996,47.4166870117188
1,45.1,3.83996146917343,45.8335876464844
1,45.16,3.7899619708769,44.255256652832
1,45.22,3.73996247258037,42.6840782165527
1,45.28,3.68996297428384,41.1272048950195
1,45.34,3.63996347598732,39.5727157592773
1,45.4,3.58996397769079,37.999153137207
1,45.46,3.53996447939426,36.4041328430176
1,45.52,3.48996498109773,34.8258018493652
1,45.58,3.4399654828012,33.2927703857422
1,45.64,3.38996598450467,31.7478179931641
1,45.7,3.33996648620814,30.2267074584961
1,45.76,3.28996698791161,28.6829471588135
1,45.82,3.23996748961508,27.1832942962646
1,45.88,3.18996799131855,25.6919860839844
1,45.94,3.14330179290846,24.1696834564209
1,46,3.09330229461193,22.6461887359619
1,46.06,3.0433027963154,21.136999130249
1,46.12,2.99330329801887,19.6397304534912
1,46.18,2.94330379972234,18.1686878204346
1,46.24,2.89330430142581,16.6881084442139
1,46.3,2.84330480312929,15.2146816253662
1,46.36,2.79330530483276,13.7609243392944
1,46.42,2.74330580653623,12.3018026351929
1,46.48,2.6933063082397,10.8557939529419
1,46.54,2.64330680994317,9.42826271057129
1,46.6,2.59330731164664,8.00490379333496
1,46.66,2.54330781335011,6.60359859466553
1,46.72,2.49330831505358,5.23388385772705
1,46.78,2.44330881675705,3.79681587219238
1,46.84,2.39330931846052,2.30133533477783
1,46.9,2.343309820164,0.861883163452148
1,46.96,2.29331032186747,-0.49889087677002
1,47.02,2.24331082357094,-1.80721282958984
1,47.08,2.19331132527441,-3.07321548461914
1,47.14,2.14331182697788,-4.24563884735107
1,47.2,2.09331232868135,-5.38527965545654
1,47.26,2.04331283038482,-6.59346580505371
1,47.32,1.99331333208829,-7.86006450653076
1,47.38,1.94331383379176,-9.16242599487305
1,47.44,1.89331433549523,-10.2877616882324
1,47.5,1.8433148371987,-11.4327669143677
1,47.56,1.79331533890218,-12.6731395721436
1,47.62,1.74331584060565,-13.9880180358887
1,47.68,1.69331634230912,-15.3028964996338
1,47.74,1.64331684401259,-16.5688991546631
1,47.8,1.59331734571606,-17.7788734436035
1,47.86,1.54331784741953,-19.0496444702148
1,47.92,1.493318349123,-20.4205513000488
1,47.98,1.44331885082647,-21.8379497528076
1,48.04,1.39331935252994,-23.2517719268799
1,48.1,1.34331985423341,-24.6131420135498
1,48.16,1.29332035593688,-25.8421897888184
1,48.22,1.24332085764036,-26.8161296844482
1,48.28,1.19332135934383,-27.8151035308838
1,48.34,1.1433218610473,-28.9762020111084
1,48.4,1.09332236275077,-30.217170715332
1,48.46,1.04332286445424,-31.4855575561523
1,48.52,0.993323366157711,-32.7301025390625
1,48.58,0.943323867861182,-33.9269638061523
1,48.64,0.893324369564652,-35.1262092590332
1,48.7,0.843324871268123,-36.4255905151367
1,48.76,0.793325372971594,-37.7845764160156
1,48.82,0.743325874675065,-39.1077995300293
1,48.88,0.693326376378536,-40.4548645019531
1,48.94,0.643326878082007,-41.8329238891602
1,49,0.593327379785478,-43.187141418457
1,49.06,0.543327881488949,-44.5294380187988
1,49.12,0.49332838319242,-45.8502769470215
1,49.18,0.443328884895891,-47.1830368041992
1,49.24,0.393329386599362,-48.5110282897949
1,49.3,0.343329888302833,-49.746036529541
1,49.36,0.293330390006304,-50.9834289550781
1,49.42,0.243330891709775,-52.2780418395996
1,49.48,0.193331393413246,-53.5941123962402
1,49.54,0.143331895116717,-54.929256439209
1,49.6,9.33323968201876E-02,-56.2381744384766
1,49.66,4.33328985236585E-02,-57.520866394043
1,49.72,6.66659977287054E-03,-58.751106262207
1,49.78,0,-59.1087341308594
1,49.84,0,-58.3744049072266
2,0.04,0,8.94069671630859E-02
2,0.1,0,9.77516174316406E-02
2,0.16,0,0.107288360595703
2,0.22,3.33329988643527E-03,0.106692314147949
2,0.28,0.036666298750788,0.210404396057129
2,0.34,0.086665797047317,1.20639801025391
2,0.4,0.136665295343846,2.99453735351563
2,0.46,0.186664793640375,4.9889087677002
2,0.52,0.236664291936904,7.00533390045166
2,0.58,0.286663790233433,8.95202159881592
2,0.64,0.336663288529962,10.7890367507935
2,0.7,0.383329486940056,12.5616788864136
2,0.76,0.433328985236585,14.4040584564209
2,0.82,0.483328483533114,16.3149833679199
2,0.88,0.533327981829643,18.2509422302246
2,0.94,0.583327480126172,20.2023983001709
2,1,0.633326978422701,22.1443176269531
2,1.06,0.68332647671923,24.0993499755859
2,1.12,0.733325975015759,26.0269641876221
2,1.18,0.783325473312289,27.9223918914795
2,1.24,0.833324971608818,29.8023223876953
2,1.3,0.883324469905347,31.6405296325684
2,1.36,0.933323968201876,33.4835052490234
2,1.42,0.983323466498405,35.3121757507324
2,1.48,1.03332296479493,37.1670722961426
2,1.54,1.08332246309146,39.0076637268066
2,1.6,1.13332196138799,40.8649444580078
2,1.66,1.18332145968452,42.6793098449707
2,1.72,1.23332095798105,44.4746017456055
2,1.78,1.28332045627758,46.238899230957
2,1.84,1.33331995457411,47.9745864868164
2,1.9,1.38331945287064,49.6721267700195
2,1.96,1.43331895116717,51.3434410095215
2,2.02,1.4833184494637,53.0147552490234
2,2.08,1.53331794776022,54.6169281005859
2,2.14,1.58331744605675,56.2453269958496
2,2.2,1.63331694435328,57.8737258911133
2,2.26,1.68331644264981,59.4806671142578
2,2.32,1.73331594094634,61.1066818237305
2,2.38,1.78331543924287,62.6230239868164
2,2.44,1.8333149375394,64.1822814941406
2,2.5,1.88331443583593,65.7320022583008
2,2.56,1.93331393413246,67.2292709350586
2,2.62,1.98331343242899,68.659782409668
2,2.68,2.03331293072552,70.0759887695313
2,2.74,2.08331242902204,71.4397430419922
2,2.8,2.13331192731857,72.7748870849609
2,2.86,2.1833114256151,74.1195678710938
2,2.92,2.23331092391163,75.4213333129883
2,2.98,2.28331042220816,76.8709182739258
2,3.04,2.33330992050469,78.4206390380859
2,3.1,2.38330941880122,80.0228118896484
2,3.16,2.43330891709775,81.629753112793
2,3.22,2.48330841539428,83.2509994506836
2,3.28,2.53330791369081,84.8913192749023
2,3.34,2.58330741198733,86.4410400390625
2,3.4,2.63330691028386,88.0575180053711
2,3.46,2.68330640858039,89.6358489990234
2,3.52,2.73330590687692,91.242790222168
2,3.58,2.78330540517345,92.8401947021484
2,3.64,2.83330490346998,94.4709777832031
2,3.7,2.88330440176651,96.1160659790039
2,3.76,2.93330390006304,97.7373123168945
2,3.82,2.98330339835957,99.3967056274414
2,3.88,3.0333028966561,101.08470916748
2,3.94,3.08330239495263,102.734565734863
2,4,3.13330189324915,104.389190673828
2,4.06,3.18330139154568,106.048583984375
2,4.12,3.23330088984221,107.669830322266
2,4.18,3.28330038813874,109.305381774902
2,4.24,3.33329988643527,110.912322998047
2,4.3,3.3832993847318,112.53833770752
2,4.36,3.43329888302833,114.121437072754
2,4.42,3.48329838132486,115.699768066406
2,4.48,3.53329787962139,117.311477661133
2,4.54,3.58329737791792,118.856430053711
2,4.6,3.63329687621445,120.372772216797
2,4.66,3.68329637451097,121.936798095703
2,4.72,3.7332958728075,123.414993286133
2,4.78,3.78329537110403,124.86457824707
2,4.84,3.83329486940056,126.256942749023
2,4.9,3.88329436769709,127.744674682617
2,4.96,3.93329386599362,129.156112670898
2,5.02,3.98329336429015,130.66291809082
2,5.08,4.03329286258668,132.122039794922
2,5.14,4.08329236088321,133.552551269531
2,5.2,4.13329185917974,135.059356689453
2,5.26,4.18329135747626,136.508941650391
2,5.32,4.23329085577279,138.025283813477
2,5.38,4.28329035406932,139.455795288086
2,5.44,4.33328985236585,140.972137451172
2,5.5,4.38328935066238,142.498016357422
2,5.56,4.43328884895891,143.985748291016
2,5.62,4.48328834725544,145.435333251953
2,5.68,4.53328784555197,146.856307983398
2,5.74,4.5832873438485,148.3154296875
2,5.8,4.63328684214503,149.717330932617
2,5.86,4.68328634044155,151.147842407227
2,5.92,4.73328583873808,152.559280395508
2,5.98,4.78328533703461,153.951644897461
2,6.04,4.83328483533114,155.305862426758
2,6.1,4.88328433362767,156.707763671875
2,6.16,4.9332838319242,158.138275146484
2,6.22,4.98328333022073,159.55924987793
2,6.28,5.03328282851726,160.942077636719
2,6.34,5.08328232681379,162.334442138672
2,6.4,5.13328182511032,163.726806640625
2,6.46,5.18328132340685,165.119171142578
2,6.52,5.23328082170337,166.521072387695
2,6.58,5.2832803199999,167.837142944336
2,6.64,5.33327981829643,169.200897216797
2,6.7,5.38327931659296,170.574188232422
2,6.76,5.43327881488949,171.928405761719
2,6.82,5.48327831318602,173.29216003418
2,6.88,5.53327781148255,174.541473388672
2,6.94,5.58327730977908,175.876617431641
2,7,5.62994350818917,177.164077758789
2,7.06,5.68327630637214,178.499221801758
2,7.12,5.72994250478223,179.805755615234
2,7.18,5.77994200307876,181.131362915039
2,7.24,5.82994150137529,182.466506958008
2,7.3,5.87994099967182,183.773040771484
2,7.36,5.92994049796835,185.079574584961
2,7.42,5.97993999626487,186.319351196289
2,7.48,6.0299394945614,187.606811523438
2,7.54,6.07993899285793,188.884735107422
2,7.6,6.12993849115446,190.086364746094
2,7.66,6.17993798945099,191.411972045898
2,7.72,6.22993748774752,192.728042602539
2,7.78,6.27993698604405,193.967819213867
2,7.84,6.32993648434058,195.217132568359
2,7.9,6.37993598263711,196.447372436523
2,7.96,6.42993548093364,197.687149047852
2,8.02,6.47993497923017,198.879241943359
2,8.08,6.52993447752669,200.071334838867
2,8.14,6.57993397582322,201.215744018555
2,8.2,6.62993347411975,202.417373657227
2,8.26,6.67993297241628,203.647613525391
2,8.32,6.72993247071281,204.744338989258
2,8.38,6.77993196900934,205.907821655273
2,8.44,6.82993146730587,206.966400146484
2,8.5,6.8799309656024,207.948684692383
2,8.56,6.92993046389893,208.902359008789
2,8.62,6.97992996219546,209.875106811523
2,8.68,7.02992946049199,210.87646484375
2,8.74,7.07992895878852,211.915969848633
2,8.8,7.12992845708504,212.96501159668
2,8.86,7.17992795538157,214.166641235352
2,8.92,7.2299274536781,215.291976928711
2,8.98,7.27992695197463,216.436386108398
2,9.04,7.32992645027116,217.599868774414
2,9.1,7.37992594856769,218.734741210938
2,9.16,7.42992544686422,219.917297363281
2,9.22,7.47992494516075,220.975875854492
2,9.28,7.52992444345728,222.12028503418
2,9.34,7.5799239417538,223.34098815918
2,9.4,7.62992344005033,224.456787109375
2,9.46,7.67992293834686,225.610733032227
2,9.52,7.72992243664339,226.659774780273
2,9.58,7.77992193493992,227.832794189453
2,9.64,7.82992143323645,228.977203369141
2,9.7,7.87992093153298,230.05485534668
2,9.76,7.92992042982951,231.132507324219
2,9.82,7.97991992812604,232.23876953125
2,9.88,8.02991942642257,233.306884765625
2,9.94,8.06658572517335,234.413146972656
2,10,8.06658572517335,234.355926513672
2,10.06,8.06658572517335,232.925415039063
2,10.12,8.04991922574118,231.122970581055
2,10.18,8.00325302733108,228.796005249023
2,10.24,7.95658682892099,225.276947021484
2,10.3,7.90658733062446,221.347808837891
2,10.36,7.85658783232793,217.609405517578
2,10.42,7.8065883340314,214.118957519531
2,10.48,7.75658883573487,210.87646484375
2,10.54,7.70658933743835,207.805633544922
2,10.6,7.65658983914182,204.839706420898
2,10.66,7.60659034084529,201.997756958008
2,10.72,7.55659084254876,199.146270751953
2,10.78,7.50659134425223,196.456909179688
2,10.84,7.4565918459557,193.691253662109
2,10.9,7.40659234765917,191.059112548828
2,10.96,7.35659284936264,188.474655151367
2,11.02,7.30659335106611,185.871124267578
2,11.08,7.25659385276958,183.382034301758
2,11.14,7.20659435447305,180.854797363281
2,11.2,7.15659485617653,178.365707397461
2,11.26,7.10659535788,175.962448120117
2,11.32,7.05659585958347,173.511505126953
2,11.38,7.00659636128694,171.117782592773
2,11.44,6.95659686299041,168.800354003906
2,11.5,6.90659736469388,166.511535644531
2,11.56,6.85659786639735,164.23225402832
2,11.62,6.80659836810082,161.972045898438
2,11.68,6.75659886980429,159.807205200195
2,11.74,6.70659937150776,157.585144042969
2,11.8,6.65659987321123,155.401229858398
2,11.86,6.60660037491471,153.24592590332
2,11.92,6.55660087661818,151.147842407227
2,11.98,6.50660137832165,148.97346496582
2,12.04,6.45660188002512,146.894454956055
2,12.1,6.40660238172859,144.777297973633
2,12.16,6.35660288343206,142.736434936523
2,12.22,6.30660338513553,140.676498413086
2,12.28,6.256603886839,138.664245605469
2,12.34,6.20660438854247,136.604309082031
2,12.4,6.15660489024594,134.611129760742
2,12.46,6.10660539194942,132.656097412109
2,12.52,6.05660589365289,130.758285522461
2,12.58,6.00660639535636,128.83186340332
2,12.64,5.95660689705983,126.991271972656
2,12.7,5.9066073987633,125.112533569336
2,12.76,5.85660790046677,123.186111450195
2,12.82,5.80660840217024,121.269226074219
2,12.88,5.75660890387371,119.342803955078
2,12.94,5.70660940557718,117.425918579102
2,13,5.65660990728065,115.547180175781
2,13.06,5.60661040898412,113.711357116699
2,13.12,5.5566109106876,111.865997314453
2,13.18,5.50661141239107,110.030174255371
2,13.24,5.45661191409454,108.227729797363
2,13.3,5.40661241579801,106.415748596191
2,13.36,5.35661291750148,104.641914367676
2,13.42,5.30661341920495,102.849006652832
2,13.48,5.25661392090842,101.003646850586
2,13.54,5.20661442261189,99.2202758789063
2,13.6,5.15661492431536,97.4512100219727
2,13.66,5.10661542601883,95.6869125366211
2,13.72,5.05661592772231,93.9083099365234
2,13.78,5.00661642942578,92.1535491943359
2,13.84,4.95661693112925,90.3797149658203
2,13.9,4.90661743283272,88.6344909667969
2,13.96,4.85661793453619,86.9464874267578
2,14.02,4.80661843623966,85.2298736572266
2,14.08,4.75661893794313,83.5132598876953
2,14.14,4.7066194396466,81.8586349487305
2,14.2,4.65661994135007,80.1467895507813
2,14.26,4.60662044305354,78.4873962402344
2,14.32,4.55662094475701,76.8136978149414
2,14.38,4.50662144646049,75.1495361328125
2,14.44,4.45662194816396,73.5187530517578
2,14.5,4.40662244986743,71.8784332275391
2,14.56,4.3566229515709,70.1808929443359
2,14.62,4.30662345327437,68.5024261474609
2,14.68,4.25662395497784,66.8811798095703
2,14.74,4.20662445668131,65.2503967285156
2,14.8,4.15662495838478,63.624382019043
2,14.86,4.10662546008825,62.0126724243164
2,14.92,4.05662596179172,60.4057312011719
2,14.98,4.0066264634952,58.7797164916992
2,15.04,3.95662696519867,57.1942329406738
2,15.1,3.90662746690214,55.5920600891113
2,15.16,3.85662796860561,54.008960723877
2,15.22,3.80662847030908,52.4306297302246
2,15.28,3.75662897201255,50.8689880371094
2,15.34,3.70662947371602,49.3049621582031
2,15.4,3.65662997541949,47.757625579834
2,15.46,3.60663047712296,46.2198257446289
2,15.52,3.55663097882643,44.6605682373047
2,15.58,3.5066314805299,43.1156158447266
2,15.64,3.45663198223338,41.6064262390137
2,15.7,3.40663248393685,40.0400161743164
2,15.76,3.35663298564032,38.4879112243652
2,15.82,3.30663348734379,36.9787216186523
2,15.88,3.25663398904726,35.4599952697754
2,15.94,3.20663449075073,33.9293479919434
2,16,3.1566349924542,32.3987007141113
2,16.06,3.10663549415767,30.8966636657715
2,16.12,3.05663599586114,29.4327735900879
2,16.18,3.00663649756461,27.9521942138672
2,16.24,2.95663699926808,26.4656543731689
2,16.3,2.90663750097156,24.9373912811279
2,16.36,2.85663800267503,23.4615802764893
2,16.42,2.8066385043785,22.0286846160889
2,16.48,2.75663900608197,20.5898284912109
2,16.54,2.70663950778544,19.1402435302734
2,16.6,2.65664000948891,17.6787376403809
2,16.66,2.60664051119238,16.2172317504883
2,16.72,2.55664101289585,14.7545337677002
2,16.78,2.50664151459932,13.2960081100464
2,16.84,2.45664201630279,11.8523836135864
2,16.9,2.40664251800627,10.4480981826782
2,16.96,2.35664301970974,9.05871391296387
2,17.02,2.30664352141321,7.63833522796631
2,17.08,2.25664402311668,6.2328577041626
2,17.14,2.20664452482015,4.85122203826904
2,17.2,2.15664502652362,3.54290008544922
2,17.26,2.10664552822709,2.27212905883789
2,17.32,2.05664602993056,1.03533267974854
2,17.38,2.00664653163403,-0.148415565490723
2,17.44,1.9566470333375,-1.28269195556641
2,17.5,1.90664753504097,-2.37882137298584
2,17.56,1.85664803674445,-3.50356101989746
2,17.62,1.80664853844792,-4.60207462310791
2,17.68,1.75998234003782,-5.45740127563477
2,17.74,1.70664954185486,-6.40213489532471
2,17.8,1.65998334344476,-7.70330429077148
2,17.86,1.6066505452618,-9.0944766998291
2,17.92,1.55998434685171,-10.4576349258423
2,17.98,1.50998484855518,-11.754035949707
2,18.04,1.45998535025865,-12.9926204681396
2,18.1,1.40998585196212,-14.2359733581543
2,18.16,1.35998635366559,-15.5723094940186
2,18.22,1.30998685536906,-16.9897079467773
2,18.28,1.25998735707253,-18.3951854705811
2,18.34,1.209987858776,-19.758939743042
2,18.4,1.15998836047947,-21.0607051849365
2,18.46,1.10998886218295,-22.2909450531006
2,18.52,1.05998936388642,-23.3709812164307
2,18.58,1.00998986558989,-24.4414806365967
2,18.64,0.959990367293358,-25.5846977233887
2,18.7,0.909990868996829,-26.7231464385986
2,18.76,0.8599913707003,-27.8985500335693
2,18.82,0.809991872403771,-29.1252136230469
2,18.88,0.759992374107242,-30.3816795349121
2,18.94,0.709992875810713,-31.6214561462402
2,19,0.659993377514184,-32.9160690307617
2,19.06,0.609993879217654,-34.2345237731934
2,19.12,0.559994380921125,-35.5315208435059
2,19.18,0.509994882624596,-36.8547439575195
2,19.24,0.459995384328067,-38.1565093994141
2,19.3,0.409995886031538,-39.5107269287109
2,19.36,0.359996387735009,-40.8697128295898
2,19.42,0.30999688943848,-42.1476364135742
2,19.48,0.259997391141951,-43.4112548828125
2,19.54,0.209997892845422,-44.705867767334
2,19.6,0.159998394548893,-46.0004806518555
2,19.66,0.109998896252364,-47.3332405090332
2,19.72,5.99993979558349E-02,-48.6207008361816
2,19.78,9.99989965930581E-03,-49.898624420166
2,19.84,-3.33329988643527E-03,-50.8952140808105
2,19.9,0,-50.6067276000977
2,19.96,0,-49.6768951416016
2,20.02,0,-48.7208366394043
2,20.08,0,-47.9435920715332
2,20.14,0,-47.3546981811523
2,20.2,0,-46.8111038208008
2,20.26,0,-46.3318824768066
2,20.32,0,-45.8741188049316
2,20.38,0,-45.4306602478027
2,20.44,0,-45.0372695922852
2,20.5,0,-44.6677207946777
2,20.56,0,-44.2957878112793
2,20.62,0,-43.9691543579102
2,20.68,0,-43.64013671875
2,20.74,0,-43.3468818664551
2,20.8,0,-43.0417060852051
2,20.86,0,-42.7460670471191
2,20.92,0,-42.4718856811523
2,20.98,0,-42.2072410583496
2,21.04,0,-41.966438293457
2,21.1,0,-41.7137145996094
2,21.16,0,-41.4752960205078
2,21.22,0,-41.2511825561523
2,21.28,0,-41.038990020752
2,21.34,0,-40.8339500427246
2,21.4,0,-40.6217575073242
2,21.46,0,-40.4262542724609
2,21.52,0,-40.2307510375977
2,21.58,0,-40.0257110595703
2,21.64,0,-39.8540496826172
2,21.7,0,-39.665699005127
2,21.76,0,-39.4916534423828
2,21.82,0,-39.3056869506836
2,21.88,0,-39.1340255737305
2,21.94,0,-38.9814376831055
2,22,0,-38.8097763061523
2,22.06,0,-38.6428833007813
2,22.12,0,-38.5189056396484
2,22.18,0,-38.3710861206055
2,22.24,0,-38.2232666015625
2,22.3,0,-38.0659103393555
2,22.36,0,-37.9371643066406
2,22.42,0,-37.7917289733887
2,22.48,0,-37.6605987548828
2,22.54,0,-37.529468536377
2,22.6,0,-37.4174118041992
2,22.66,0,-37.2767448425293
2,22.72,0,-37.1551513671875
2,22.78,0,-37.0311737060547
2,22.84,0,-36.9167327880859
2,22.9,0,-36.7832183837891
2,22.96,0,-36.6759300231934
2,23.02,0,-36.5829467773438
2,23.08,0,-36.470890045166
2,23.14,0,-36.3492965698242
2,23.2,0,-36.2443923950195
2,23.26,0,-36.1371040344238
2,23.32,0,-36.0536575317383
2,23.38,0,-35.9535217285156
2,23.44,0,-35.8295440673828
2,23.5,0,-35.7389450073242
2,23.56,0,-35.6292724609375
2,23.62,0,-35.5410575866699
2,23.68,0,-35.4337692260742
2,23.74,0,-35.3574752807617
2,23.8,0,-35.2716445922852
2,23.86,0,-35.1810455322266
2,23.92,0,-35.1071357727051
2,23.98,0,-35.0141525268555
2,24.04,0,-34.9235534667969
2,24.1,0,-34.8472595214844
2,24.16,0,-34.7638130187988
2,24.22,0,-34.6541404724121
2,24.28,0,-34.5635414123535
2,24.34,0,-34.4944000244141
2,24.4,0,-34.4157218933105
2,24.46,0,-34.327507019043
2,24.52,0,-34.2488288879395
2,24.58,0,-34.1677665710449
2,24.64,0,-34.0938568115234
2,24.7,0,-34.0127944946289
2,24.76,0,-33.9579582214355
2,24.82,0,-33.876895904541
2,24.88,0,-33.8077545166016
2,24.94,0,-33.7338447570801
2,25,0,-33.6718559265137
2,25.06,0,-33.5860252380371
2,25.12,0,-33.5192680358887
2,25.18,0,-33.4501266479492
2,25.24,0,-33.3762168884277
2,25.3,0,-33.3118438720703
2,25.36,0,-33.2427024841309
2,25.42,0,-33.1616401672363
2,25.48,0,-33.0877304077148
2,25.54,0,-33.0281257629395
2,25.6,0,-32.9780578613281
2,25.66,0,-32.9208374023438
2,25.72,0,-32.8683853149414
2,25.78,0,-32.7944755554199
2,25.84,0,-32.7372550964355
2,25.9,0,-32.658576965332
2,25.96,0,-32.5918197631836
2,26.02,0,-32.5393676757813
2,26.08,0,-32.4583053588867
2,26.14,0,-32.4130058288574
2,26.2,0,-32.3581695556641
2,26.26,0,-32.2890281677246
2,26.32,0,-32.2675704956055
2,26.38,0,-32.203197479248
2,26.44,0,-32.1674346923828
2,26.5,0,-32.1197509765625
2,26.56,0,-32.0696830749512
2,26.62,0,-32.0148468017578
2,26.68,0,-31.9409370422363
2,26.74,0,-31.890869140625
2,26.8,0,-31.8503379821777
2,26.86,0,-31.7859649658203
2,26.92,0,-31.740665435791
2,26.98,0,-31.6929817199707
2,27.04,0,-31.6357612609863
2,27.1,0,-31.585693359375
2,27.16,0,-31.5332412719727
2,27.22,0,-31.4855575561523
2,27.28,0,-31.428337097168
2,27.34,0,-31.3782691955566
2,27.4,0,-31.3282012939453
2,27.46,0,-31.285285949707
2,27.52,0,-31.2590599060059
2,27.58,0,-31.2042236328125
2,27.64,0,-31.135082244873
2,27.7,0,-31.1064720153809
2,27.76,0,-31.0730934143066
2,27.82,0,-31.0206413269043
2,27.88,0,-30.9944152832031
2,27.94,0,-30.9443473815918
2,28,0,-30.8942794799805
2,28.06,0,-30.8513641357422
2,28.12,0,-30.8084487915039
2,28.18,0,-30.7703018188477
2,28.24,0,-30.7250022888184
2,28.3,0,-30.677318572998
2,28.36,0,-30.6367874145508
2,28.42,0,-30.6129455566406
2,28.48,0,-30.5747985839844
2,28.54,0,-30.5414199829102
2,28.6,0,-30.4841995239258
2,28.66,0,-30.4341316223145
2,28.72,0,-30.4007530212402
2,28.78,0,-30.3483009338379
2,28.84,0,-30.3149223327637
2,28.9,0,-30.2815437316895
2,28.96,0,-30.2529335021973
2,29.02,0,-30.210018157959
2,29.08,0,-30.1599502563477
2,29.14,0,-30.1408767700195
2,29.2,0,-30.1170349121094
2,29.26,0,-30.066967010498
2,29.32,0,-30.0264358520508
2,29.38,0,-29.9811363220215
2,29.44,0,-29.9286842346191
2,29.5,0,-29.909610748291
2,29.56,0,-29.8666954040527
2,29.62,0,-29.8380851745605
2,29.68,0,-29.8023223876953
2,29.74,0,-29.7784805297852
2,29.8,0,-29.754638671875
2,29.86,0,-29.7284126281738
2,29.92,0,-29.6854972839355
2,29.98,0,-29.6354293823242
2,30.04,0,-29.6139717102051
2,30.1,1.66664994321764E-02,-29.5758247375488
2,30.16,5.99993979558349E-02,-29.0727615356445
2,30.22,0.109998896252364,-27.5075435638428
2,30.28,0.159998394548893,-25.4762172698975
2,30.34,0.209997892845422,-23.4341621398926
2,30.4,0.259997391141951,-21.4684009552002
2,30.46,0.30999688943848,-19.5467472076416
2,30.52,0.359996387735009,-17.6548957824707
2,30.58,0.409995886031538,-15.794038772583
2,30.64,0.459995384328067,-13.9296054840088
2,30.7,0.509994882624596,-12.0586156845093
2,30.76,0.559994380921125,-10.1929903030396
2,30.82,0.609993879217654,-8.32855701446533
2,30.88,0.659993377514184,-6.55770301818848
2,30.94,0.709992875810713,-5.41269779205322
2,31,0.759992374107242,-4.27544116973877
2,31.06,0.809991872403771,-2.89440155029297
2,31.12,0.8599913707003,-1.27851963043213
2,31.18,0.909990868996829,0.382661819458008
2,31.24,0.959990367293358,2.00927257537842
2,31.3,1.00998986558989,3.62873077392578
2,31.36,1.05998936388642,5.301833152771
2,31.42,1.10998886218295,7.02500343322754
2,31.48,1.15998836047947,8.77022743225098
2,31.54,1.209987858776,10.5279684066772
2,31.6,1.25998735707253,12.2791528701782
2,31.66,1.30998685536906,14.0291452407837
2,31.72,1.35998635366559,15.78688621521
2,31.78,1.40998585196212,17.5726413726807
2,31.84,1.45998535025865,19.3631649017334
2,31.9,1.50998484855518,21.1429595947266
2,31.96,1.55998434685171,22.9263305664063
2,32.02,1.60998384514824,24.726390838623
2,32.08,1.65998334344476,26.5228748321533
2,32.14,1.70998284174129,28.2847881317139
2,32.2,1.75998234003782,30.0478935241699
2,32.26,1.80998183833435,31.7931175231934
2,32.32,1.85998133663088,33.5407257080078
2,32.38,1.90998083492741,35.254955291748
2,32.44,1.95998033322394,36.9739532470703
2,32.5,2.00997983152047,38.6881828308105
2,32.56,2.059979329817,40.3904914855957
2,32.62,2.10997882811353,42.1476364135742
2,32.68,2.15997832641006,43.8857078552246
2,32.74,2.20997782470658,45.5975532531738
2,32.8,2.25997732300311,47.2807884216309
2,32.86,2.30997682129964,48.9950180053711
2,32.92,2.35997631959617,50.6925582885742
2,32.98,2.4099758178927,52.3948669433594
2,33.04,2.45997531618923,54.0733337402344
2,33.1,2.50997481448576,55.7541847229004
2,33.16,2.55997431278229,57.4421882629395
2,33.22,2.60997381107882,59.1135025024414
2,33.28,2.65997330937535,60.7585906982422
2,33.34,2.70997280767187,62.4179840087891
2,33.4,2.7599723059684,64.1059875488281
2,33.46,2.80997180426493,65.7892227172852
2,33.52,2.85997130256146,67.4295425415039
2,33.58,2.90997080085799,69.0984725952148
2,33.64,2.95997029915452,70.7340240478516
2,33.7,3.00996979745105,72.3648071289063
2,33.76,3.05996929574758,74.0575790405273
2,33.82,3.10996879404411,75.7169723510742
2,33.88,3.15996829234064,77.366828918457
2,33.94,3.20996779063717,78.9833068847656
2,34,3.25996728893369,80.5807113647461
2,34.06,3.30996678723022,82.244873046875
2,34.12,3.35996628552675,83.8708877563477
2,34.18,3.40996578382328,85.5398178100586
2,34.24,3.45996528211981,87.1467590332031
2,34.3,3.50996478041634,88.7632369995117
2,34.36,3.55996427871287,90.3844833374023
2,34.42,3.6099637770094,92.005729675293
2,34.48,3.65996327530593,93.5888290405273
2,34.54,3.70662947371602,95.21484375
2,34.6,3.75996227189898,96.8217849731445
2,34.66,3.80662847030908,98.4668731689453
2,34.72,3.85996126849204,100.078582763672
2,34.78,3.90662746690214,101.714134216309
2,34.84,3.95662696519867,103.306770324707
2,34.9,4.0066264634952,104.918479919434
2,34.96,4.05662596179172,106.525421142578
2,35.02,4.10662546008825,108.118057250977
2,35.08,4.15662495838478,109.748840332031
2,35.14,4.20662445668131,111.331939697266
2,35.2,4.25662395497784,112.929344177246
2,35.26,4.30662345327437,114.550590515137
2,35.32,4.3566229515709,116.157531738281
2,35.38,4.40662244986743,117.721557617188
2,35.44,4.45662194816396,119.352340698242
2,35.5,4.50662144646049,120.944976806641
2,35.56,4.55662094475701,122.509002685547
2,35.62,4.60662044305354,124.073028564453
2,35.68,4.65661994135007,125.627517700195
2,35.74,4.7066194396466,127.277374267578
2,35.8,4.75661893794313,128.83186340332
2,35.86,4.80661843623966,130.462646484375
2,35.92,4.85661793453619,132.055282592773
2,35.98,4.90661743283272,133.638381958008
2,36.04,4.95661693112925,135.259628295898
2,36.1,5.00661642942578,136.842727661133
2,36.16,5.05661592772231,138.425827026367
2,36.22,5.10661542601883,140.008926391602
2,36.28,5.15661492431536,141.611099243164
2,36.34,5.20661442261189,143.156051635742
2,36.4,5.25661392090842,144.777297973633
2,36.46,5.30661341920495,146.331787109375
2,36.52,5.35661291750148,147.905349731445
2,36.58,5.40661241579801,149.48844909668
2,36.64,5.45661191409454,151.081085205078
2,36.7,5.50661141239107,152.626037597656
2,36.76,5.5566109106876,154.170989990234
2,36.82,5.60661040898412,155.773162841797
2,36.88,5.65660990728065,157.308578491211
2,36.94,5.70660940557718,158.843994140625
2,37,5.75660890387371,160.408020019531
2,37.06,5.80660840217024,161.981582641602
2,37.12,5.85660790046677,163.545608520508
2,37.18,5.9066073987633,165.14778137207
2,37.24,5.95660689705983,166.778564453125
2,37.3,6.00660639535636,168.285369873047
2,37.36,6.05660589365289,169.801712036133
2,37.42,6.10660539194942,171.346664428711
2,37.48,6.15660489024594,172.929763793945
2,37.54,6.20660438854247,174.51286315918
2,37.6,6.256603886839,176.076889038086
2,37.66,6.30660338513553,177.65998840332
2,37.72,6.35660288343206,179.119110107422
2,37.78,6.40660238172859,180.740356445313
2,37.84,6.45660188002512,182.275772094727
2,37.9,6.50660137832165,183.820724487305
2,37.96,6.55660087661818,185.375213623047
2,38.02,6.60660037491471,186.910629272461
2,38.08,6.65659987321123,188.474655151367
2,38.14,6.70659937150776,189.943313598633
2,38.2,6.75659886980429,191.497802734375
2,38.26,6.80659836810082,193.023681640625
2,38.32,6.85659786639735,194.559097290039
2,38.38,6.90659736469388,196.075439453125
2,38.44,6.95659686299041,197.658538818359
2,38.5,7.00659636128694,199.108123779297
2,38.56,7.05659585958347,200.595855712891
2,38.62,7.10659535788,202.131271362305
2,38.68,7.15659485617653,203.590393066406
2,38.74,7.20659435447305,205.163955688477
2,38.8,7.25659385276958,206.642150878906
2,38.86,7.30659335106611,208.08219909668
2,38.92,7.35659284936264,209.569931030273
2,38.98,7.40659234765917,211.086273193359
2,39.04,7.4565918459557,212.469100952148
2,39.1,7.50659134425223,213.918685913086
2,39.16,7.55659084254876,215.301513671875
2,39.22,7.60659034084529,216.770172119141
2,39.28,7.65658983914182,218.229293823242
2,39.34,7.70658933743835,219.717025756836
2,39.4,7.75658883573487,221.128463745117
2,39.46,7.8065883340314,222.492218017578
2,39.52,7.85658783232793,223.941802978516
2,39.58,7.90658733062446,225.334167480469
2,39.64,7.95658682892099,226.736068725586
2,39.7,8.00658632721752,228.033065795898
2,39.76,8.05658582551405,229.44450378418
2,39.82,8.06658572517335,230.445861816406
2,39.88,8.06658572517335,229.835510253906
2,39.94,8.06325242528692,228.261947631836
2,40,8.02991942642257,226.478576660156
2,40.06,7.97991992812604,223.579406738281
2,40.12,7.92992042982951,219.879150390625
2,40.18,7.87992093153298,216.064453125
2,40.24,7.82992143323645,212.507247924805
2,40.3,7.77992193493992,209.207534790039
2,40.36,7.72992243664339,206.022262573242
2,40.42,7.67992293834686,203.018188476563
2,40.48,7.62992344005033,200.109481811523
2,40.54,7.5799239417538,197.19123840332
2,40.6,7.52992444345728,194.511413574219
2,40.66,7.47992494516075,191.669464111328
2,40.72,7.42992544686422,189.018249511719
2,40.78,7.37992594856769,186.443328857422
2,40.84,7.32992645027116,183.830261230469
2,40.9,7.27992695197463,181.293487548828
2,40.96,7.2299274536781,178.794860839844
2,41.02,7.17992795538157,176.334381103516
2,41.08,7.12992845708504,173.940658569336
2,41.14,7.07992895878852,171.489715576172
2,41.2,7.02992946049199,169.200897216797
2,41.26,6.97992996219546,166.826248168945
2,41.32,6.92993046389893,164.566040039063
2,41.38,6.8799309656024,162.248611450195
2,41.44,6.82993146730587,159.95979309082
2,41.5,6.77993196900934,157.718658447266
2,41.56,6.72993247071281,155.515670776367
2,41.62,6.67993297241628,153.24592590332
2,41.68,6.62993347411975,151.090621948242
2,41.74,6.57993397582322,148.935317993164
2,41.8,6.52993447752669,146.78955078125
2,41.86,6.47993497923017,144.643783569336
2,41.92,6.42993548093364,142.545700073242
2,41.98,6.37993598263711,140.542984008789
2,42.04,6.32993648434058,138.454437255859
2,42.1,6.27993698604405,136.41357421875
2,42.16,6.22993748774752,134.449005126953
2,42.22,6.17993798945099,132.427215576172
2,42.28,6.12993849115446,130.443572998047
2,42.34,6.08327229274437,128.564834594727
2,42.4,6.0299394945614,126.771926879883
2,42.46,5.98327329615131,124.81689453125
2,42.52,5.92994049796835,122.900009155273
2,42.58,5.88327429955825,121.002197265625
2,42.64,5.83327480126172,119.075775146484
2,42.7,5.78327530296519,117.197036743164
2,42.76,5.73327580466867,115.237236022949
2,42.82,5.68327630637214,113.358497619629
2,42.88,5.63327680807561,111.498832702637
2,42.94,5.58327730977908,109.643936157227
2,43,5.53327781148255,107.760429382324
2,43.06,5.48327831318602,105.881690979004
2,43.12,5.43327881488949,104.074478149414
2,43.18,5.38327931659296,102.272033691406
2,43.24,5.33327981829643,100.526809692383
2,43.3,5.2832803199999,98.6862182617188
2,43.36,5.23328082170337,96.8599319458008
2,43.42,5.18328132340685,95.067024230957
2,43.48,5.13328182511032,93.2979583740234
2,43.54,5.08328232681379,91.5908813476563
2,43.6,5.03328282851726,89.8170471191406
2,43.66,4.98328333022073,88.1099700927734
2,43.72,4.9332838319242,86.3933563232422
2,43.78,4.88328433362767,84.691047668457
2,43.84,4.83328483533114,82.9553604125977
2,43.9,4.78328533703461,81.2625885009766
2,43.96,4.73328583873808,79.5936584472656
2,44.02,4.68328634044155,77.8961181640625
2,44.08,4.63328684214503,76.2128829956055
2,44.14,4.5832873438485,74.5153427124023
2,44.2,4.53328784555197,72.8034973144531
2,44.26,4.48328834725544,71.1727142333984
2,44.32,4.43328884895891,69.4799423217773
2,44.38,4.38328935066238,67.8730010986328
2,44.44,4.33328985236585,66.1754608154297
2,44.5,4.28329035406932,64.5828247070313
2,44.56,4.23329085577279,62.9472732543945
2,44.62,4.18329135747626,61.345100402832
2,44.68,4.13329185917974,59.7333908081055
2,44.74,4.08329236088321,58.1216812133789
2,44.8,4.03329286258668,56.5218925476074
2,44.86,3.98329336429015,54.9674034118652
2,44.92,3.93329386599362,53.3652305603027
2,44.98,3.88329436769709,51.7511367797852
2,45.04,3.83329486940056,50.1918792724609
2,45.1,3.78329537110403,48.6373901367188
2,45.16,3.7332958728075,47.0757484436035
2,45.22,3.68329637451097,45.5379486083984
2,45.28,3.63329687621445,43.9739227294922
2,45.34,3.58329737791792,42.4432754516602
2,45.4,3.53329787962139,40.8792495727539
2,45.46,3.48329838132486,39.3366813659668
2,45.52,3.43329888302833,37.7893447875977
2,45.58,3.3832993847318,36.2420082092285
2,45.64,3.33329988643527,34.7256660461426
2,45.7,3.28330038813874,33.2212448120117
2,45.76,3.23330088984221,31.7025184631348
2,45.82,3.18330139154568,30.205249786377
2,45.88,3.13330189324915,28.7258625030518
2,45.94,3.08330239495263,27.2226333618164
2,46,3.0333028966561,25.7432460784912
2,46.06,2.98330339835957,24.268627166748
2,46.12,2.93330390006304,22.7975845336914
2,46.18,2.88330440176651,21.3205814361572
2,46.24,2.83330490346998,19.8483467102051
2,46.3,2.78330540517345,18.3951854705811
2,46.36,2.73330590687692,17.0004367828369
2,46.42,2.68330640858039,15.6295299530029
2,46.48,2.63330691028386,14.2812728881836
2,46.54,2.58330741198733,12.8906965255737
2,46.6,2.53330791369081,11.3964080810547
2,46.66,2.48330841539428,9.90748405456543
2,46.72,2.43330891709775,8.47935676574707
2,46.78,2.38330941880122,7.06136226654053
2,46.84,2.33330992050469,5.66840171813965
2,46.9,2.28331042220816,4.31299209594727
2,46.96,2.23331092391163,3.00586223602295
2,47.02,2.1833114256151,1.69515609741211
2,47.08,2.13331192731857,0.433921813964844
2,47.14,2.08331242902204,-0.774860382080078
2,47.2,2.03331293072552,-1.92880630493164
2,47.26,1.98331343242899,-3.06487083435059
2,47.32,1.93331393413246,-4.18663024902344
2,47.38,1.88331443583593,-5.1426887512207
2,47.44,1.8333149375394,-5.7905912399292
2,47.5,1.78331543924287,-6.76929950714111
2,47.56,1.73331594094634,-8.13484191894531
2,47.62,1.68331644264981,-9.61661338806152
2,47.68,1.63331694435328,-11.0119581222534
2,47.74,1.58331744605675,-12.3178958892822
2,47.8,1.53331794776022,-13.5421752929688
2,47.86,1.4833184494637,-14.7497653961182
2,47.92,1.43331895116717,-16.0753726959229
2,47.98,1.38331945287064,-17.4963474273682
2,48.04,1.33331995457411,-18.9149379730225
2,48.1,1.28332045627758,-20.2775001525879
2,48.16,1.23332095798105,-21.5816497802734
2,48.22,1.18332145968452,-22.7677822113037
2,48.28,1.13332196138799,-23.7858295440674
2,48.34,1.08332246309146,-24.8861312866211
2,48.4,1.03332296479493,-26.0734558105469
2,48.46,0.983323466498405,-27.2738933563232
2,48.52,0.933323968201876,-28.4850597381592
2,48.58,0.883324469905347,-29.6449661254883
2,48.64,0.833324971608818,-30.8084487915039
2,48.7,0.783325473312289,-32.0076942443848
2,48.76,0.733325975015759,-33.3189964294434
2,48.82,0.68332647671923,-34.644603729248
2,48.88,0.633326978422701,-36.0417366027832
2,48.94,0.583327480126172,-37.386417388916
2,49,0.533327981829643,-38.6309623718262
2,49.06,0.483328483533114,-39.9184226989746
2,49.12,0.433328985236585,-41.2154197692871
2,49.18,0.383329486940056,-42.4790382385254
2,49.24,0.333329988643527,-43.7784194946289
2,49.3,0.283330490346998,-45.0897216796875
2,49.36,0.233330992050469,-46.4057922363281
2,49.42,0.18333149375394,-47.6908683776855
2,49.48,0.133331995457411,-48.9544868469238
2,49.54,8.33324971608818E-02,-50.2133369445801
2,49.6,3.33329988643527E-02,-51.4841079711914
2,49.66,0,-52.7453422546387
2,49.72,0,-53.0505180358887
2,49.78,0,-52.330493927002
3,0.05,0,0.331997871398926
3,0.11,0,0.338554382324219
3,0.17,0,0.341534614562988
3,0.23,3.33329988643527E-03,0.340938568115234
3,0.29,4.33328985236585E-02,0.53703784942627
3,0.35,9.33323968201876E-02,1.84595584869385
3,0.41,0.143331895116717,3.99887561798096
3,0.47,0.193331393413246,5.67436218261719
3,0.53,0.243330891709775,6.71863555908203
3,0.59,0.293330390006304,8.25285911560059
3,0.65,0.343329888302833,10.2269649505615
3,0.71,0.393329386599362,12.2714042663574
3,0.77,0.443328884895891,14.195442199707
3,0.83,0.49332838319242,16.0431861877441
3,0.89,0.543327881488949,17.9183483123779
3,0.95,0.593327379785478,19.8197364807129
3,1.01,0.643326878082007,21.7175483703613
3,1.07,0.693326376378536,23.6105918884277
3,1.13,0.743325874675065,25.5417823791504
3,1.19,0.793325372971594,27.5027751922607
3,1.25,0.843324871268123,29.454231262207
3,1.31,0.893324369564652,31.3997268676758
3,1.37,0.943323867861182,33.3189964294434
3,1.43,0.993323366157711,35.2048873901367
3,1.49,1.04332286445424,37.0931625366211
3,1.55,1.09332236275077,38.9623641967773
3,1.61,1.1433218610473,40.8172607421875
3,1.67,1.19332135934383,42.6340103149414
3,1.73,1.24332085764036,44.4459915161133
3,1.79,1.29332035593688,46.2031364440918
3,1.85,1.34331985423341,47.8863716125488
3,1.91,1.39331935252994,49.5457649230957
3,1.97,1.44331885082647,51.1550903320313
3,2.03,1.493318349123,52.7095794677734
3,2.09,1.54331784741953,54.2211532592773
3,2.15,1.59331734571606,55.6159019470215
3,2.21,1.64331684401259,56.8103790283203
3,2.27,1.69331634230912,57.7497482299805
3,2.33,1.74331584060565,58.8178634643555
3,2.39,1.79331533890218,60.2340698242188
3,2.45,1.8433148371987,61.7504119873047
3,2.51,1.89331433549523,63.3430480957031
3,2.57,1.94331383379176,64.9833679199219
3,2.63,1.99331333208829,66.5807723999023
3,2.69,2.04331283038482,68.2163238525391
3,2.75,2.09331232868135,69.7851181030273
3,2.81,2.14331182697788,71.4111328125
3,2.87,2.19331132527441,73.0323791503906
3,2.93,2.2399775236845,74.6536254882813
3,2.99,2.28997702198103,76.298713684082
3,3.05,2.33997652027756,77.9294967651367
3,3.11,2.38997601857409,79.5555114746094
3,3.17,2.43997551687062,81.1767578125
3,3.23,2.48997501516715,82.7646255493164
3,3.29,2.53997451346368,84.3477249145508
3,3.35,2.58997401176021,85.9689712524414
3,3.41,2.63997351005673,87.5520706176758
3,3.47,2.68997300835326,89.1351699829102
3,3.53,2.73997250664979,90.6658172607422
3,3.59,2.78997200494632,92.2060012817383
3,3.65,2.83997150324285,93.7604904174805
3,3.71,2.88997100153938,95.2720642089844
3,3.77,2.93997049983591,96.8551635742188
3,3.83,2.98996999813244,98.3715057373047
3,3.89,3.03996949642897,99.9021530151367
3,3.95,3.0899689947255,101.428031921387
3,4.01,3.13996849302202,102.968215942383
3,4.07,3.18996799131855,104.517936706543
3,4.13,3.23996748961508,106.072425842285
3,4.19,3.28996698791161,107.569694519043
3,4.25,3.33996648620814,109.071731567383
3,4.31,3.38996598450467,110.573768615723
3,4.37,3.4399654828012,112.066268920898
3,4.43,3.48996498109773,113.577842712402
3,4.49,3.53996447939426,115.079879760742
3,4.55,3.58996397769079,116.567611694336
3,4.61,3.63996347598732,118.083953857422
3,4.67,3.68996297428384,119.562149047852
3,4.73,3.73996247258037,120.992660522461
3,4.79,3.7899619708769,122.42317199707
3,4.85,3.83996146917343,123.882293701172
3,4.91,3.88996096746996,125.37956237793
3,4.97,3.93996046576649,126.800537109375
3,5.03,3.98995996406302,128.173828125
3,5.09,4.03995946235955,129.585266113281
3,5.15,4.08995896065608,130.987167358398
3,5.21,4.13995845895261,132.417678833008
3,5.27,4.18995795724913,133.848190307617
3,5.33,4.23995745554566,135.19287109375
3,5.39,4.28995695384219,136.623382568359
3,5.45,4.33995645213872,137.996673583984
3,5.51,4.38995595043525,139.350891113281
3,5.57,4.43995544873178,140.705108642578
3,5.63,4.48995494702831,142.049789428711
3,5.69,4.53995444532484,143.442153930664
3,5.75,4.58995394362137,144.853591918945
3,5.81,4.6399534419179,146.121978759766
3,5.87,4.68995294021443,147.428512573242
3,5.93,4.73995243851095,148.801803588867
3,5.99,4.78995193680748,150.060653686523
3,6.05,4.83995143510401,151.41487121582
3,6.11,4.88995093340054,152.730941772461
3,6.17,4.93995043169707,154.027938842773
3,6.23,4.9899499299936,155.315399169922
3,6.29,5.03994942829013,156.55517578125
3,6.35,5.08994892658666,157.785415649414
3,6.41,5.13994842488319,159.053802490234
3,6.47,5.18994792317972,160.398483276367
3,6.53,5.23994742147625,161.581039428711
3,6.59,5.28994691977277,162.839889526367
3,6.65,5.3399464180693,164.155960083008
3,6.71,5.38994591636583,165.319442749023
3,6.77,5.43994541466236,166.597366333008
3,6.83,5.48994491295889,167.779922485352
3,6.89,5.53994441125542,169.048309326172
3,6.95,5.58994390955195,170.202255249023
3,7.01,5.63994340784848,171.518325805664
3,7.07,5.68994290614501,172.710418701172
3,7.13,5.73994240444154,173.9501953125
3,7.19,5.78994190273806,175.256729125977
3,7.25,5.83994140103459,176.610946655273
3,7.31,5.88994089933112,177.91748046875
3,7.37,5.93994039762765,179.224014282227
3,7.43,5.98993989592418,180.482864379883
3,7.49,6.03993939422071,181.789398193359
3,7.55,6.08993889251724,183.086395263672
3,7.61,6.13993839081377,184.392929077148
3,7.67,6.18660458922386,185.661315917969
3,7.73,6.23660408752039,186.910629272461
3,7.79,6.28660358581692,188.217163085938
3,7.85,6.33660308411345,189.476013183594
3,7.91,6.38660258240998,190.744400024414
3,7.97,6.43660208070651,191.993713378906
3,8.03,6.48660157900304,193.233489990234
3,8.09,6.53660107729957,194.416046142578
3,8.15,6.5866005755961,195.646286010742
3,8.21,6.63660007389262,196.800231933594
3,8.27,6.68659957218915,197.944641113281
3,8.33,6.73659907048568,199.089050292969
3,8.39,6.78659856878221,200.24299621582
3,8.45,6.83659806707874,201.377868652344
3,8.51,6.88659756537527,202.445983886719
3,8.57,6.9365970636718,203.542709350586
3,8.63,6.98659656196833,204.591751098633
3,8.69,7.03659606026486,205.631256103516
3,8.75,7.08659555856138,206.670761108398
3,8.81,7.13659505685791,207.700729370117
3,8.87,7.18659455515444,208.711624145508
3,8.93,7.23659405345097,209.684371948242
3,8.99,7.2865935517475,210.752487182617
3,9.05,7.33659305004403,211.725234985352
3,9.11,7.38659254834056,212.879180908203
3,9.17,7.43659204663709,213.909149169922
3,9.23,7.48659154493362,214.958190917969
3,9.29,7.53659104323015,216.035842895508
3,9.35,7.58659054152668,217.189788818359
3,9.41,7.63659003982321,218.334197998047
3,9.47,7.68658953811973,219.507217407227
3,9.53,7.73658903641626,220.59440612793
3,9.59,7.78658853471279,221.738815307617
3,9.65,7.83658803300932,222.921371459961
3,9.71,7.88658753130585,224.037170410156
3,9.77,7.93658702960238,225.210189819336
3,9.83,7.98658652789891,226.268768310547
3,9.89,8.03658602619544,227.413177490234
3,9.95,8.06325242528692,228.52897644043
3,10.01,8.06325242528692,228.242874145508
3,10.07,8.06325242528692,226.726531982422
3,10.13,8.03991932608187,225.124359130859
3,10.19,7.99325312767178,222.578048706055
3,10.25,7.94325362937525,219.078063964844
3,10.31,7.89325413107872,215.330123901367
3,10.37,7.84325463278219,211.820602416992
3,10.43,7.79325513448566,208.511352539063
3,10.49,7.74325563618913,205.459594726563
3,10.55,7.6932561378926,202.484130859375
3,10.61,7.64325663959607,199.680328369141
3,10.67,7.59325714129955,196.905136108398
3,10.73,7.54325764300302,194.177627563477
3,10.79,7.49325814470649,191.516876220703
3,10.85,7.44325864640996,188.846588134766
3,10.91,7.39325914811343,186.309814453125
3,10.97,7.3432596498169,183.877944946289
3,11.03,7.29326015152037,181.341171264648
3,11.09,7.24326065322384,178.899765014648
3,11.15,7.19326115492731,176.486968994141
3,11.21,7.14326165663078,174.140930175781
3,11.27,7.09326215833426,171.775817871094
3,11.33,7.04326266003773,169.515609741211
3,11.39,6.99659646162763,167.179107666016
3,11.45,6.9465969633311,164.966583251953
3,11.51,6.89659746503457,162.639617919922
3,11.57,6.84659796673805,160.484313964844
3,11.63,6.79659846844152,158.367156982422
3,11.69,6.74659897014499,156.211853027344
3,11.75,6.69659947184846,154.11376953125
3,11.81,6.64659997355193,151.939392089844
3,11.87,6.5966004752554,149.860382080078
3,11.93,6.54660097695887,147.790908813477
3,11.99,6.49660147866234,145.740509033203
3,12.05,6.44660198036581,143.661499023438
3,12.11,6.39660248206928,141.630172729492
3,12.17,6.34660298377275,139.617919921875
3,12.23,6.29660348547623,137.596130371094
3,12.29,6.2466039871797,135.641098022461
3,12.35,6.19660448888317,133.848190307617
3,12.41,6.14660499058664,132.007598876953
3,12.47,6.09660549229011,130.109786987305
3,12.53,6.04660599399358,128.154754638672
3,12.59,5.99660649569705,126.161575317383
3,12.65,5.94660699740052,124.301910400391
3,12.71,5.89660749910399,122.365951538086
3,12.77,5.84660800080746,120.563507080078
3,12.83,5.79660850251094,118.703842163086
3,12.89,5.74660900421441,116.825103759766
3,12.95,5.69660950591788,114.998817443848
3,13.01,5.64661000762135,113.134384155273
3,13.07,5.59661050932482,111.327171325684
3,13.13,5.54661101102829,109.58194732666
3,13.19,5.49661151273176,107.789039611816
3,13.25,5.44661201443523,106.024742126465
3,13.31,5.3966125161387,104.250907897949
3,13.37,5.34661301784217,102.481842041016
3,13.43,5.29661351954564,100.712776184082
3,13.49,5.24661402124912,98.9627838134766
3,13.55,5.19661452295259,97.2604751586914
3,13.61,5.14661502465606,95.5057144165039
3,13.67,5.09661552635953,93.7652587890625
3,13.73,5.046616028063,92.0486450195313
3,13.79,4.99661652976647,90.2986526489258
3,13.85,4.94661703146994,88.5820388793945
3,13.91,4.89661753317341,86.9083404541016
3,13.97,4.84661803487688,85.2012634277344
3,14.03,4.79661853658035,83.4941864013672
3,14.09,4.74661903828383,81.8490982055664
3,14.15,4.6966195399873,80.2183151245117
3,14.21,4.64662004169077,78.6209106445313
3,14.27,4.59662054339424,76.9662857055664
3,14.33,4.54662104509771,75.3402709960938
3,14.39,4.49662154680118,73.7094879150391
3,14.45,4.44662204850465,72.0739364624023
3,14.51,4.39662255020812,70.4717636108398
3,14.57,4.34662305191159,68.8552856445313
3,14.63,4.29662355361506,67.2674179077148
3,14.69,4.24662405531853,65.6318664550781
3,14.75,4.19662455702201,64.082145690918
3,14.81,4.14662505872548,62.4465942382813
3,14.87,4.09662556042895,60.8921051025391
3,14.93,4.04662606213242,59.3137741088867
3,14.99,3.99662656383589,57.7640533447266
3,15.05,3.94662706553936,56.2143325805664
3,15.11,3.89662756724283,54.6503067016602
3,15.17,3.8466280689463,53.1411170959473
3,15.23,3.79662857064977,51.6295433044434
3,15.29,3.74662907235324,50.1275062561035
3,15.35,3.69662957405671,48.6183166503906
3,15.41,3.64663007576019,47.0733642578125
3,15.47,3.59663057746366,45.5832481384277
3,15.53,3.54663107916713,44.090747833252
3,15.59,3.4966315808706,42.5934791564941
3,15.65,3.44663208257407,41.0699844360352
3,15.71,3.39663258427754,39.5679473876953
3,15.77,3.34663308598101,38.0444526672363
3,15.83,3.29663358768448,36.5471839904785
3,15.89,3.24663408938795,35.0427627563477
3,15.95,3.19663459109142,33.5335731506348
3,16.01,3.1466350927949,32.0553779602051
3,16.07,3.09663559449837,30.6272506713867
3,16.13,3.04663609620184,29.2420387268066
3,16.19,2.99663659790531,27.8544425964355
3,16.25,2.94997039949521,26.4513492584229
3,16.31,2.89663760131225,25.0089168548584
3,16.37,2.84997140290216,23.5509872436523
3,16.43,2.79663860471919,22.0775604248047
3,16.49,2.7499724063091,20.6351280212402
3,16.55,2.69997290801257,19.221305847168
3,16.61,2.64997340971604,17.8205966949463
3,16.67,2.59997391141951,16.481876373291
3,16.73,2.54997441312298,15.1658058166504
3,16.79,2.49997491482645,13.8723850250244
3,16.85,2.44997541652992,12.6349925994873
3,16.91,2.39997591823339,11.444091796875
3,16.97,2.34997641993687,10.2776288986206
3,17.03,2.29997692164034,9.13739204406738
3,17.09,2.24997742334381,7.93635845184326
3,17.15,2.19997792504728,6.70850276947021
3,17.21,2.14997842675075,5.87821006774902
3,17.27,2.09997892845422,5.33640384674072
3,17.33,2.04997943015769,4.30405139923096
3,17.39,1.99997993186116,2.90870666503906
3,17.45,1.94998043356463,1.43349170684814
3,17.51,1.8999809352681,4.52995300292969E-02
3,17.57,1.84998143697158,-1.27196311950684
3,17.63,1.79998193867505,-2.53200531005859
3,17.69,1.74998244037852,-3.78787517547607
3,17.75,1.69998294208199,-5.08666038513184
3,17.81,1.64998344378546,-6.43432140350342
3,17.87,1.59998394548893,-7.79151916503906
3,17.93,1.5499844471924,-9.14931297302246
3,17.99,1.49998494889587,-10.451078414917
3,18.05,1.44998545059934,-11.6556882858276
3,18.11,1.39998595230281,-12.7524137496948
3,18.17,1.34998645400628,-13.8378143310547
3,18.23,1.29998695570976,-14.9869918823242
3,18.29,1.24998745741323,-16.1993503570557
3,18.35,1.1999879591167,-17.4319744110107
3,18.41,1.14998846082017,-18.61572265625
3,18.47,1.09998896252364,-19.8006629943848
3,18.53,1.04998946422711,-20.9879875183105
3,18.59,0.999989965930581,-22.132396697998
3,18.65,0.949990467634052,-23.3554840087891
3,18.71,0.899990969337523,-24.639368057251
3,18.77,0.849991471040994,-25.932788848877
3,18.83,0.799991972744465,-27.235746383667
3,18.89,0.749992474447936,-28.5112857818604
3,18.95,0.699992976151407,-29.7451019287109
3,19.01,0.649993477854878,-30.9634208679199
3,19.07,0.599993979558349,-32.1722030639648
3,19.13,0.54999448126182,-33.3642959594727
3,19.19,0.499994982965291,-34.5635414123535
3,19.25,0.449995484668762,-35.7890129089355
3,19.31,0.399995986372232,-36.9000434875488
3,19.37,0.349996488075703,-37.7416610717773
3,19.43,0.299996989779174,-32.2866439819336
3,19.49,0.249997491482645,-24.9159336090088
3,19.55,0.199997993186116,-24.2650508880615
3,19.61,0.149998494889587,-26.7362594604492
3,19.67,9.99989965930581E-02,-29.442310333252
3,19.73,4.99994982965291E-02,-31.6309928894043
3,19.79,6.66659977287054E-03,-33.4501266479492
3,19.85,0,-34.4228744506836
3,19.91,0,-34.1486930847168
3,19.97,0,-33.409595489502
3,20.03,0,-32.7610969543457
3,20.09,0,-32.2365760803223
3,20.15,0,-31.8384170532227
3,20.21,0,-31.4760208129883
3,20.27,0,-31.1517715454102
3,20.33,0,-30.817985534668
3,20.39,0,-30.519962310791
3,20.45,0,-30.2243232727051
3,20.51,0,-29.9382209777832
3,20.57,0,-29.6640396118164
3,20.63,0,-29.3874740600586
3,20.69,0,-29.1538238525391
3,20.75,0,-28.9320945739746
3,20.81,0,-28.7079811096191
3,20.87,0,-28.4981727600098
3,20.93,0,-28.301477432251
3,20.99,0,-28.1083583831787
3,21.05,0,-27.921199798584
3,21.11,0,-27.7400016784668
3,21.17,0,-27.540922164917
3,21.23,0,-27.3478031158447
3,21.29,0,-27.1844863891602
3,21.35,0,-27.0247459411621
3,21.41,0,-26.853084564209
3,21.47,0,-26.702880859375
3,21.53,0,-26.543140411377
3,21.59,0,-26.3881683349609
3,21.65,0,-26.2415409088135
3,21.71,0,-26.0913372039795
3,21.77,0,-25.9459018707275
3,21.83,0,-25.8135795593262
3,21.89,0,-25.6848335266113
3,21.95,0,-25.5513191223145
3,22.01,0,-25.4201889038086
3,22.07,0,-25.2974033355713
3,22.13,0,-25.172233581543
3,22.19,0,-25.0363349914551
3,22.25,0,-24.9302387237549
3,22.31,0,-24.8050689697266
3,22.37,0,-24.7025489807129
3,22.43,0,-24.5761871337891
3,22.49,0,-24.4760513305664
3,22.55,0,-24.3759155273438
3,22.61,0,-24.2817401885986
3,22.67,0,-24.1732597351074
3,22.73,0,-24.0552425384521
3,22.79,0,-23.9360332489014
3,22.85,0,-23.8430500030518
3,22.91,0,-23.7381458282471
3,22.97,0,-23.6415863037109
3,23.03,0,-23.5497951507568
3,23.09,0,-23.4377384185791
3,23.15,0,-23.3566761016846
3,23.21,0,-23.270845413208
3,23.27,0,-23.190975189209
3,23.33,0,-23.0944156646729
3,23.39,0,-23.0014324188232
3,23.45,0,-22.9156017303467
3,23.51,0,-22.8345394134521
3,23.57,0,-22.7499008178711
3,23.63,0,-22.6926803588867
3,23.69,0,-22.6223468780518
3,23.75,0,-22.5508213043213
3,23.81,0,-22.4709510803223
3,23.87,0,-22.3815441131592
3,23.93,0,-22.2837924957275
3,23.99,0,-22.200345993042
3,24.05,0,-22.1192836761475
3,24.11,0,-22.0489501953125
3,24.17,0,-21.979808807373
3,24.23,0,-21.8880176544189
3,24.29,0,-21.8009948730469
3,24.35,0,-21.7294692993164
3,24.41,0,-21.66748046875
3,24.47,0,-21.5935707092285
3,24.53,0,-21.5291976928711
3,24.59,0,-21.4672088623047
3,24.65,0,-21.3956832885742
3,24.71,0,-21.3360786437988
3,24.77,0,-21.2788581848145
3,24.83,0,-21.2287902832031
3,24.89,0,-21.1632251739502
3,24.95,0,-21.1012363433838
3,25.01,0,-21.0297107696533
3,25.07,0,-20.9760665893555
3,25.13,0,-20.9164619445801
3,25.19,0,-20.8568572998047
3,25.25,0,-20.7936763763428
3,25.31,0,-20.7507610321045
3,25.37,0,-20.6828117370605
3,25.43,0,-20.6196308135986
3,25.49,0,-20.5409526824951
3,25.55,0,-20.4896926879883
3,25.61,0,-20.4300880432129
3,25.67,0,-20.3883647918701
3,25.73,0,-20.3323364257813
3,25.79,0,-20.2751159667969
3,25.85,0,-20.2178955078125
3,25.91,0,-20.1785564422607
3,25.97,0,-20.1296806335449
3,26.03,0,-20.0760364532471
3,26.09,0,-20.0355052947998
3,26.15,0,-19.9770927429199
3,26.21,0,-19.9317932128906
3,26.27,0,-19.8936462402344
3,26.33,0,-19.8471546173096
3,26.39,0,-19.7899341583252
3,26.45,0,-19.7434425354004
3,26.51,0,-19.6957588195801
3,26.57,0,-19.6385383605957
3,26.63,0,-19.5825099945068
3,26.69,0,-19.5348262786865
3,26.75,0,-19.4966793060303
3,26.81,0,-19.4478034973145
3,26.87,0,-19.4001197814941
3,26.93,0,-19.3631649017334
3,26.99,0,-19.3357467651367
3,27.05,0,-19.2868709564209
3,27.11,0,-19.2415714263916
3,27.17,0,-19.1879272460938
3,27.23,0,-19.1402435302734
3,27.29,0,-19.1032886505127
3,27.35,0,-19.0639495849609
3,27.41,0,-19.0162658691406
3,27.47,0,-18.9673900604248
3,27.53,0,-18.9268589019775
3,27.59,0,-18.9030170440674
3,27.65,0,-18.8565254211426
3,27.71,0,-18.8016891479492
3,27.77,0,-18.7516212463379
3,27.83,0,-18.7194347381592
3,27.89,0,-18.6836719512939
3,27.95,0,-18.6419486999512
3,28.01,0,-18.5930728912354
3,28.07,0,-18.5537338256836
3,28.13,0,-18.5275077819824
3,28.19,0,-18.4929370880127
3,28.25,0,-18.4512138366699
3,28.31,0,-18.4261798858643
3,28.37,0,-18.3951854705811
3,28.43,0,-18.3570384979248
3,28.49,0,-18.308162689209
3,28.55,0,-18.2843208312988
3,28.61,0,-18.2604789733887
3,28.67,0,-18.2235240936279
3,28.73,0,-18.1925296783447
3,28.79,0,-18.1663036346436
3,28.85,0,-18.1341171264648
3,28.91,0,-18.1007385253906
3,28.97,0,-18.0792808532715
3,29.03,0,-18.0363655090332
3,29.09,0,-17.9970264434814
3,29.15,0,-17.9564952850342
3,29.21,0,-17.9290771484375
3,29.27,0,-17.8968906402588
3,29.33,0,-17.8647041320801
3,29.39,0,-17.8372859954834
3,29.45,0,-17.8074836730957
3,29.51,0,-17.7693367004395
3,29.57,0,-17.7359580993652
3,29.63,0,-17.7276134490967
3,29.69,0,-17.7121162414551
3,29.75,0,-17.6680088043213
3,29.81,0,-17.6310539245605
3,29.87,0,-17.6060199737549
3,29.93,0,-17.5797939300537
3,29.99,0,-17.5392627716064
3,30.05,0,-17.5166130065918
3,30.11,2.33330992050469E-02,-17.470121383667
3,30.17,6.99992976151407E-02,-16.779899597168
3,30.23,0.11999879591167,-15.108585357666
3,30.29,0.169998294208199,-13.1213665008545
3,30.35,0.219997792504728,-11.1556053161621
3,30.41,0.269997290801257,-9.23871994018555
3,30.47,0.319996789097786,-7.34388828277588
3,30.53,0.36666298750788,-5.48899173736572
3,30.59,0.416662485804409,-3.65316867828369
3,30.65,0.466661984100938,-1.80244445800781
3,30.71,0.516661482397467,0.069737434387207
3,30.77,0.566660980693996,1.93297863006592
3,30.83,0.616660478990525,3.75330448150635
3,30.89,0.666659977287054,5.19633293151855
3,30.95,0.716659475583583,5.85675239562988
3,31.01,0.766658973880112,6.43134117126465
3,31.07,0.816658472176641,7.61449337005615
3,31.13,0.86665797047317,9.2017650604248
3,31.19,0.916657468769699,10.8069181442261
3,31.25,0.966656967066228,12.3149156570435
3,31.31,1.01665646536276,13.7799978256226
3,31.37,1.06665596365929,15.251636505127
3,31.43,1.11665546195582,16.711950302124
3,31.49,1.16665496025234,18.1484222412109
3,31.55,1.21665445854887,19.5944309234619
3,31.61,1.2666539568454,21.0905075073242
3,31.67,1.31665345514193,22.6175785064697
3,31.73,1.36665295343846,24.1672992706299
3,31.79,1.41665245173499,25.7158279418945
3,31.85,1.46665195003152,27.2774696350098
3,31.91,1.51665144832805,28.8593769073486
3,31.97,1.56665094662458,30.4722785949707
3,32.03,1.61665044492111,32.0792198181152
3,32.09,1.66664994321764,33.6694717407227
3,32.15,1.71664944151416,35.2692604064941
3,32.21,1.76664893981069,36.8666648864746
3,32.27,1.81664843810722,38.4163856506348
3,32.33,1.86664793640375,39.9374961853027
3,32.39,1.91664743470028,41.4395332336426
3,32.45,1.96664693299681,42.9105758666992
3,32.51,2.01664643129334,44.3577766418457
3,32.57,2.06664592958987,45.7882881164551
3,32.63,2.1166454278864,47.1687316894531
3,32.69,2.16664492618293,48.515796661377
3,32.75,2.21664442447945,49.8652458190918
3,32.81,2.26664392277598,51.1622428894043
3,32.87,2.31664342107251,52.4163246154785
3,32.93,2.36664291936904,53.5774230957031
3,32.99,2.41664241766557,54.6073913574219
3,33.05,2.4666419159621,55.5109977722168
3,33.11,2.51664141425863,56.4360618591309
3,33.17,2.56664091255516,57.5447082519531
3,33.23,2.61664041085169,58.8703155517578
3,33.29,2.66663990914822,60.3246688842773
3,33.35,2.71663940744475,61.8457794189453
3,33.41,2.76663890574127,63.3478164672852
3,33.47,2.8166384040378,64.8975372314453
3,33.53,2.86663790233433,66.4281845092773
3,33.59,2.91663740063086,67.9540634155273
3,33.65,2.96663689892739,69.4799423217773
3,33.71,3.01663639722392,71.0010528564453
3,33.77,3.06663589552045,72.5221633911133
3,33.83,3.11663539381698,74.0766525268555
3,33.89,3.16663489211351,75.5929946899414
3,33.95,3.21663439041004,77.1236419677734
3,34.01,3.26663388870656,78.6972045898438
3,34.07,3.31663338700309,80.2183151245117
3,34.13,3.36663288529962,81.7584991455078
3,34.19,3.41663238359615,83.3606719970703
3,34.25,3.46663188189268,84.9103927612305
3,34.31,3.51663138018921,86.4744186401367
3,34.37,3.56663087848574,88.0146026611328
3,34.43,3.61663037678227,89.6024703979492
3,34.49,3.6666298750788,91.1998748779297
3,34.55,3.71662937337533,92.768669128418
3,34.61,3.76662887167186,94.3565368652344
3,34.67,3.81662836996838,95.9634780883789
3,34.73,3.86662786826491,97.5513458251953
3,34.79,3.91662736656144,99.1344451904297
3,34.85,3.96662686485797,100.741386413574
3,34.91,4.0166263631545,102.357864379883
3,34.97,4.06662586145103,103.945732116699
3,35.03,4.11662535974756,105.576515197754
3,35.09,4.16662485804409,107.135772705078
3,35.15,4.21662435634062,108.747482299805
3,35.21,4.26662385463715,110.321044921875
3,35.27,4.31662335293368,111.937522888184
3,35.33,4.3666228512302,113.534927368164
3,35.39,4.41662234952673,115.108489990234
3,35.45,4.46662184782326,116.691589355469
3,35.51,4.51662134611979,118.303298950195
3,35.57,4.56662084441632,119.88639831543
3,35.63,4.61662034271285,121.440887451172
3,35.69,4.66661984100938,122.98583984375
3,35.75,4.71661933930591,124.521255493164
3,35.81,4.76661883760244,126.094818115234
3,35.87,4.81328503601253,127.658843994141
3,35.93,4.86328453430906,129.194259643555
3,35.99,4.91328403260559,130.796432495117
3,36.05,4.96328353090212,132.331848144531
3,36.11,5.01328302919865,133.962631225586
3,36.17,5.06328252749518,135.469436645508
3,36.23,5.1132820257917,137.090682983398
3,36.29,5.16328152408823,138.635635375977
3,36.35,5.21328102238476,140.228271484375
3,36.41,5.26328052068129,141.735076904297
3,36.47,5.31328001897782,143.337249755859
3,36.53,5.36327951727435,144.872665405273
3,36.59,5.41327901557088,146.369934082031
3,36.65,5.46327851386741,147.924423217773
3,36.71,5.51327801216394,149.431228637695
3,36.77,5.56327751046047,150.976181030273
3,36.83,5.613277008757,152.54020690918
3,36.89,5.66327650705352,153.999328613281
3,36.95,5.71327600535005,155.6396484375
3,37.01,5.76327550364658,157.11784362793
3,37.07,5.81327500194311,158.596038818359
3,37.13,5.86327450023964,160.150527954102
3,37.19,5.91327399853617,161.666870117188
3,37.25,5.9632734968327,163.240432739258
3,37.31,6.01327299512923,164.785385131836
3,37.37,6.06327249342576,166.282653808594
3,37.43,6.11327199172229,167.751312255859
3,37.49,6.16327149001881,169.32487487793
3,37.55,6.21327098831534,170.936584472656
3,37.61,6.26327048661187,172.405242919922
3,37.67,6.3132699849084,173.845291137695
3,37.73,6.36326948320493,175.409317016602
3,37.79,6.41326898150146,176.858901977539
3,37.85,6.46326847979799,178.346633911133
3,37.91,6.51326797809452,179.815292358398
3,37.97,6.56326747639105,181.32209777832
3,38.03,6.61326697468758,182.895660400391
3,38.09,6.66326647298411,184.345245361328
3,38.15,6.71326597128063,185.80436706543
3,38.21,6.76326546957716,187.282562255859
3,38.27,6.81326496787369,188.741683959961
3,38.33,6.86326446617022,190.229415893555
3,38.39,6.91326396446675,191.717147827148
3,38.45,6.96326346276328,193.22395324707
3,38.51,7.01326296105981,194.673538208008
3,38.57,7.06326245935634,196.170806884766
3,38.63,7.11326195765287,197.658538818359
3,38.69,7.1632614559494,199.031829833984
3,38.75,7.21326095424593,200.510025024414
3,38.81,7.26326045254245,201.988220214844
3,38.87,7.31325995083898,203.447341918945
3,38.93,7.36325944913551,204.849243164063
3,38.99,7.41325894743204,206.270217895508
3,39.05,7.46325844572857,207.653045654297
3,39.11,7.5132579440251,209.09309387207
3,39.17,7.56325744232163,210.504531860352
3,39.23,7.61325694061816,211.915969848633
3,39.29,7.66325643891469,213.279724121094
3,39.35,7.71325593721122,214.653015136719
3,39.41,7.76325543550774,216.007232666016
3,39.47,7.81325493380427,217.380523681641
3,39.53,7.8632544321008,218.76335144043
3,39.59,7.91325393039733,220.136642456055
3,39.65,7.96325342869386,221.424102783203
3,39.71,8.01325292699039,222.749710083008
3,39.77,8.06325242528692,224.065780639648
3,39.83,8.06991902505979,224.800109863281
3,39.89,8.06991902505979,223.903656005859
3,39.95,8.06325242528692,222.406387329102
3,40.01,8.0232528266497,220.59440612793
3,40.07,7.9765866282396,217.533111572266
3,40.13,7.92658712994307,213.918685913086
3,40.19,7.87658763164654,210.342407226563
3,40.25,7.82658813335002,207.014083862305
3,40.31,7.77658863505349,203.828811645508
3,40.37,7.72658913675696,200.777053833008
3,40.43,7.67658963846043,197.944641113281
3,40.49,7.6265901401639,195.083618164063
3,40.55,7.57659064186737,192.384719848633
3,40.61,7.52659114357084,189.723968505859
3,40.67,7.47659164527431,187.187194824219
3,40.73,7.42659214697778,184.574127197266
3,40.79,7.37659264868125,182.065963745117
3,40.85,7.32659315038473,179.624557495117
3,40.91,7.2765936520882,177.154541015625
3,40.97,7.22659415379167,174.722671508789
3,41.03,7.17659465549514,172.338485717773
3,41.09,7.12659515719861,170.011520385742
3,41.15,7.07659565890208,167.675018310547
3,41.21,7.02659616060555,165.386199951172
3,41.27,6.97659666230902,163.125991821289
3,41.33,6.92659716401249,160.856246948242
3,41.39,6.87659766571596,158.576965332031
3,41.45,6.82659816741943,156.412124633789
3,41.51,6.7765986691229,154.294967651367
3,41.57,6.72659917082638,152.120590209961
3,41.63,6.67659967252985,149.965286254883
3,41.69,6.62660017423332,147.933959960938
3,41.75,6.57660067593679,145.82633972168
3,41.81,6.52660117764026,143.747329711914
3,41.87,6.47660167934373,141.64924621582
3,41.93,6.4266021810472,139.694213867188
3,41.99,6.37660268275067,137.701034545898
3,42.05,6.32660318445414,135.622024536133
3,42.11,6.27660368615761,133.657455444336
3,42.17,6.22660418786108,131.759643554688
3,42.23,6.17660468956456,129.985809326172
3,42.29,6.12660519126803,128.173828125
3,42.35,6.0766056929715,126.247406005859
3,42.41,6.02660619467497,124.330520629883
3,42.47,5.97660669637844,122.365951538086
3,42.53,5.92660719808191,120.515823364258
3,42.59,5.87660769978538,118.560791015625
3,42.65,5.82660820148885,116.691589355469
3,42.71,5.77660870319232,114.846229553223
3,42.77,5.72660920489579,112.977027893066
3,42.83,5.67660970659927,111.13166809082
3,42.89,5.62661020830274,109.338760375977
3,42.95,5.57661071000621,107.507705688477
3,43.01,5.52661121170968,105.695724487305
3,43.07,5.47661171341315,103.964805603027
3,43.13,5.42661221511662,102.181434631348
3,43.19,5.37661271682009,100.393295288086
3,43.25,5.32661321852356,98.6003875732422
3,43.31,5.27661372022703,96.8694686889648
3,43.37,5.2266142219305,95.1385498046875
3,43.43,5.17661472363397,93.4171676635742
3,43.49,5.12661522533745,91.6576385498047
3,43.55,5.07661572704092,89.9648666381836
3,43.61,5.02661622874439,88.2577896118164
3,43.67,4.97661673044786,86.6031646728516
3,43.73,4.92661723215133,84.9342346191406
3,43.79,4.8766177338548,83.2366943359375
3,43.85,4.82661823555827,81.5391540527344
3,43.91,4.77661873726174,79.8797607421875
3,43.97,4.72661923896521,78.1822204589844
3,44.03,4.67661974066868,76.5419006347656
3,44.09,4.62662024237216,74.8920440673828
3,44.15,4.57995404396206,73.246955871582
3,44.21,4.52995454566553,71.6924667358398
3,44.27,4.479955047369,70.0759887695313
3,44.33,4.42995554907247,68.4595108032227
3,44.39,4.37995605077595,66.8001174926758
3,44.45,4.32995655247942,65.1741027832031
3,44.51,4.27995705418289,63.5766983032227
3,44.57,4.22995755588636,62.0031356811523
3,44.63,4.17995805758983,60.4534149169922
3,44.69,4.1299585592933,58.8846206665039
3,44.75,4.07995906099677,57.3492050170898
3,44.81,4.02995956270024,55.8066368103027
3,44.87,3.97996006440371,54.2235374450684
3,44.93,3.92996056610718,52.6952743530273
3,44.99,3.87996106781066,51.1074066162109
3,45.05,3.82996156951413,49.5743751525879
3,45.11,3.7799620712176,48.0270385742188
3,45.17,3.72996257292107,46.4916229248047
3,45.23,3.67996307462454,44.9705123901367
3,45.29,3.62996357632801,43.4756278991699
3,45.35,3.57996407803148,42.0069694519043
3,45.41,3.52996457973495,40.5335426330566
3,45.47,3.47996508143842,39.0243530273438
3,45.53,3.42996558314189,37.543773651123
3,45.59,3.37996608484536,36.0560417175293
3,45.65,3.32996658654884,34.5993041992188
3,45.71,3.27996708825231,33.1354141235352
3,45.77,3.22996758995578,31.6572189331055
3,45.83,3.17996809165925,30.214786529541
3,45.89,3.12996859336272,28.8224220275879
3,45.95,3.07996909506619,27.4300575256348
3,46.01,3.02996959676966,25.9935855865479
3,46.07,2.97997009847313,24.573802947998
3,46.13,2.9299706001766,23.1432914733887
3,46.19,2.87997110188007,21.6889381408691
3,46.25,2.82997160358354,20.2739238739014
3,46.31,2.77997210528702,18.8887119293213
3,46.37,2.72997260699049,17.5201892852783
3,46.43,2.67997310869396,16.1516666412354
3,46.49,2.62997361039743,14.8236751556396
3,46.55,2.5799741121009,13.5594606399536
3,46.61,2.52997461380437,12.3554468154907
3,46.67,2.47997511550784,11.2038850784302
3,46.73,2.42997561721131,10.063648223877
3,46.79,2.37997611891478,8.90493392944336
3,46.85,2.32997662061825,7.67230987548828
3,46.91,2.27997712232172,6.48319721221924
3,46.97,2.2299776240252,5.74231147766113
3,47.03,2.17997812572867,5.04612922668457
3,47.09,2.12997862743214,3.86059284210205
3,47.15,2.07997912913561,2.4491548538208
3,47.21,2.02997963083908,1.029372215271
3,47.27,1.97998013254255,-0.299811363220215
3,47.33,1.92998063424602,-1.59502029418945
3,47.39,1.87998113594949,-2.860426902771
3,47.45,1.82998163765296,-4.10795211791992
3,47.51,1.77998213935643,-5.36322593688965
3,47.57,1.72998264105991,-6.6685676574707
3,47.63,1.67998314276338,-8.0573558807373
3,47.69,1.62998364446685,-9.41991806030273
3,47.75,1.57998414617032,-10.7318162918091
3,47.81,1.52998464787379,-11.9364261627197
3,47.87,1.47998514957726,-13.0122900009155
3,47.93,1.42998565128073,-14.0804052352905
3,47.99,1.3799861529842,-15.2528285980225
3,48.05,1.32998665468767,-16.5069103240967
3,48.11,1.27998715639114,-17.7121162414551
3,48.17,1.22998765809461,-18.8720226287842
3,48.23,1.17998815979809,-20.0140476226807
3,48.29,1.12998866150156,-21.2085247039795
3,48.35,1.07998916320503,-22.4411487579346
3,48.41,1.0299896649085,-23.6773490905762
3,48.47,0.979990166611969,-24.8944759368896
3,48.53,0.92999066831544,-26.1402130126953
3,48.59,0.879991170018911,-27.3823738098145
3,48.65,0.829991671722382,-28.5685062408447
3,48.71,0.779992173425853,-29.752254486084
3,48.77,0.729992675129324,-30.8561325073242
3,48.83,0.679993176832795,-31.6476821899414
3,48.89,0.629993678536266,-26.1390209197998
3,48.95,0.579994180239737,-19.218921661377
3,49.01,0.529994681943208,-18.5167789459229
3,49.07,0.479995183646679,-20.7579135894775
3,49.13,0.42999568535015,-23.341178894043
3,49.19,0.379996187053621,-25.5072116851807
3,49.25,0.329996688757092,-27.3609161376953
3,49.31,0.279997190460563,-29.0703773498535
3,49.37,0.229997692164034,-30.6892395019531
3,49.43,0.179998193867505,-32.2437286376953
3,49.49,0.129998695570976,-33.8006019592285
3,49.55,7.99991972744465E-02,-35.3074073791504
3,49.61,2.99996989779174E-02,-36.8237495422363
3,49.67,3.33329988643527E-03,-38.2518768310547
3,49.73,0,-38.5689735412598
3,49.79,0,-37.8918647766113
