time,MA,MC,MD
0.023001,0.73208,0.41944,0.10672
0.042901,0.74728,0.42704,0.10672
0.063001,0.76256,0.43464,0.10672
0.083001,0.78544,0.44232,0.11432
0.103001,0.79304,0.44992,0.11432
0.123001,0.81592,0.4652,0.11432
0.143001,0.8388,0.4804,0.122
0.163001,0.8464,0.48808,0.122
0.183001,0.86928,0.49568,0.1296
0.203001,0.88456,0.50328,0.1296
0.223001,0.89216,0.51856,0.1296
0.243001,0.92272,0.52616,0.1372
0.262901,0.93792,0.53384,0.1372
0.283001,0.9532,0.54144,0.14488
0.303001,0.96848,0.55672,0.14488
0.323001,0.98368,0.56432,0.14488
0.343001,1.00656,0.57192,0.15248
0.362901,1.02184,0.5872,0.15248
0.383001,1.03704,0.5948,0.15248
0.403001,1.05992,0.6024,0.16008
0.423001,1.0752,0.61768,0.16008
0.443001,1.09048,0.62528,0.16776
0.462901,1.10568,0.63296,0.16776
0.483001,1.12856,0.64816,0.16776
0.503001,1.13624,0.65584,0.17536
0.523001,1.15904,0.66344,0.17536
0.543001,1.17432,0.67872,0.18296
0.563001,1.1896,0.67872,0.18296
0.583001,1.21248,0.69392,0.18296
0.603001,1.22768,0.7016,0.19064
0.623001,1.24296,0.7092,0.19064
0.643001,1.25824,0.72448,0.19064
0.663001,1.27344,0.73208,0.19824
0.683001,1.29632,0.73968,0.19824
0.703001,1.3116,0.75496,0.20584
0.723001,1.3268,0.76256,0.20584
0.743001,1.34968,0.77016,0.20584
0.762901,1.36496,0.78544,0.21352
0.783001,1.38024,0.78544,0.21352
0.803001,1.39544,0.79304,0.22112
0.822901,1.41072,0.81592,0.22112
0.843001,1.4336,0.81592,0.22112
0.862901,1.44888,0.8312,0.22872
0.883001,1.46408,0.8388,0.22872
0.903001,1.48696,0.84648,0.22872
0.923001,1.49464,0.86168,0.2364
0.942901,1.51744,0.86936,0.2364
0.962901,1.53272,0.87696,0.2364
0.983001,1.548,0.89224,0.2364
1.003001,1.57088,0.89984,0.244
1.023001,1.58608,0.90744,0.2516
1.043001,1.60136,0.92272,0.2516
1.063001,1.62424,0.93032,0.2516
1.083001,1.63184,0.938,0.2516
1.103001,1.64712,0.9532,0.25928
1.123001,1.67,0.9608,0.25928
1.143001,1.6852,0.96848,0.25928
1.163001,1.69288,0.98368,0.26688
1.182901,1.70808,0.99136,0.26688
1.203001,1.73864,0.99896,0.26688
1.223001,1.75384,1.00656,0.27448
1.242901,1.76912,1.02184,0.27448
1.263001,1.7844,1.02184,0.27448
1.282901,1.7996,1.03712,0.28208
1.303001,1.81488,1.04472,0.28208
1.323001,1.83776,1.05232,0.28976
1.342901,1.84536,1.0676,0.28976
1.362901,1.87584,1.08288,0.28976
1.383001,1.89112,1.09048,0.29736
1.403001,1.9064,1.09808,0.29736
1.423001,1.92928,1.11336,0.29736
1.442901,1.93688,1.12096,0.29736
1.462901,1.95216,1.12856,0.30496
1.482901,1.97504,1.14384,0.30496
1.503001,1.99024,1.15144,0.30496
1.523001,2.00552,1.15912,0.31264
1.542901,2.0208,1.17432,0.31264
1.562901,2.0436,1.17432,0.31264
1.583001,2.05888,1.1896,0.32024
1.603001,2.07416,1.1972,0.32024
1.623001,2.08936,1.21248,0.32784
1.642901,2.10464,1.22008,0.32784
1.663001,2.12752,1.22776,0.32784
1.683001,2.1428,1.24296,0.33552
1.703001,2.158,1.24296,0.33552
1.723001,2.18088,1.25824,0.33552
1.743001,2.18856,1.26584,0.34312
1.762901,2.20376,1.27352,0.34312
1.831601,2.2724,1.3116,0.35072
1.851601,2.28768,1.3192,0.3584
1.871601,2.30288,1.32688,0.3584
1.891601,2.32576,1.34208,0.366
1.911601,2.33344,1.35736,0.366
1.931601,2.34864,1.35736,0.366
1.951601,2.37152,1.37264,0.3736
1.971601,2.3868,1.38784,0.3736
1.991601,2.402,1.39552,0.3736
2.011601,2.41728,1.40312,0.38128
2.031601,2.43256,1.41072,0.38128
2.051601,2.45544,1.4184,0.38888
2.071601,2.47064,1.4336,0.38888
2.091601,2.48592,1.44128,0.38888
2.111601,2.5012,1.44888,0.39648
2.131601,2.5088,1.47936,0.39648
2.151601,2.07416,2.2724,0.39648
2.171601,1.57848,2.90536,0.39648
2.191601,1.23536,3.40864,0.39648
2.211601,0.73208,4.1788,0.39648
2.231601,0.34312,4.75832,0.39648
2.251601,-0.10672,5.40648,0.39648
2.271601,-0.54144,6.04704,0.39648
2.291601,-0.9532,6.64944,0.39648
2.311601,-1.40312,7.32048,0.38888
2.331601,-1.82248,7.94584,0.38888
2.351601,-2.25712,8.54824,0.38888
2.371601,-2.69184,9.18112,0.38888
2.391601,-3.1188,9.8064,0.38128
2.411601,-3.56112,10.43168,0.38128
2.431601,-3.98816,11.09512,0.38128
2.451601,-4.4152,11.72808,0.3736
2.471601,-4.84984,12.33808,0.3736
2.491601,-5.27688,12.97104,0.366
2.511601,-5.71152,13.58864,0.366
2.531601,-6.14616,14.24448,0.3584
2.551601,-6.5732,14.86216,0.3584
2.571601,-7.00784,15.47216,0.3584
2.591601,-7.43488,16.08984,0.35072
2.611601,-7.86952,16.738,0.35072
2.631601,-8.29656,17.41672,0.34312
2.651601,-8.7312,18.07248,0.34312
2.671601,-9.16584,18.72064,0.34312
2.691601,-9.59288,19.34592,0.33552
2.711601,-10.02752,19.9712,0.33552
2.731601,-10.46216,20.59648,0.32784
2.751601,-10.8892,21.22184,0.32784
2.771601,-11.32384,21.8852,0.32024
2.791601,-11.75856,22.49528,0.32024
2.811601,-12.17792,23.14344,0.32024
2.831601,-12.62024,23.77632,0.31264
2.851601,-13.04728,24.36352,0.31264
2.871601,-13.47424,24.9812,0.30496
2.891601,-13.90896,25.64464,0.30496
2.911601,-14.33592,26.26224,0.29736
2.931601,-14.77064,26.95616,0.29736
2.951601,-15.20528,27.53576,0.28976
2.971601,-15.63232,28.2068,0.28976
2.991601,-16.06696,28.84728,0.28208
3.011601,-16.5016,29.48024,0.28208
3.031601,-16.92864,30.05976,0.28208
3.051601,-17.36328,30.7232,0.27448
3.071601,-17.790304,31.3332,0.26688
3.091601,-18.22496,31.95088,0.26688
3.111601,-18.651992,32.57616,0.26688
3.131601,-19.086648,33.17888,0.26688
3.151601,-19.513672,33.80368,0.25928
3.171601,-19.948328,34.38368,0.25928
3.191601,-20.382984,35.04688,0.2516
3.211701,-20.810008,35.62608,0.2516
3.231601,-21.244664,36.35088,0.244
3.251601,-21.671688,36.86928,0.244
3.271601,-22.106344,37.60928,0.2364
3.291601,-22.541,38.15008,0.2364
3.311601,-22.968024,38.84448,0.22872
3.331601,-23.40268,39.56128,0.22872
3.351601,-23.837336,40.18608,0.22112
3.371601,-24.26436,40.94928,0.22112
3.391601,-24.691392,41.45248,0.21352
3.411601,-25.126046,42.16128,0.21352
3.431601,-25.5607,42.75648,0.21352
3.451601,-25.980103,43.41968,0.20584
3.471601,-26.399506,44.03008,0.20584
3.491601,-26.841784,44.72368,0.19824
3.511601,-27.27644,45.33328,0.19824
3.531601,-27.69584,45.98208,0.19064
3.551601,-28.13812,46.61488,0.19064
3.571601,-28.565152,47.20928,0.18296
3.591601,-28.992176,47.86528,0.18296
3.611601,-29.426832,48.46768,0.17536
3.631601,-29.853864,49.12368,0.17536
3.651601,-30.296144,49.77968,0.16776
3.671601,-30.723168,50.37408,0.16776
3.691601,-31.157824,51.03728,0.16008
3.711601,-31.584848,51.64768,0.16008
3.731601,-32.019504,52.30368,0.15248
3.751601,-32.446536,52.89088,0.15248
3.771601,-32.881184,53.56928,0.14488
3.791601,-33.308216,54.15648,0.14488
3.811601,-33.742872,54.81968,0.1372
3.831601,-34.17752,55.45248,0.1372
3.851601,-34.60456,56.03248,0.1296
3.871601,-35.0392,56.69568,0.1296
3.891601,-35.47384,57.25968,0.122
3.911601,-35.90088,57.92368,0.122
3.931601,-36.33552,58.48768,0.11432
3.951601,-36.77016,59.20448,0.11432
3.971601,-37.1972,59.78368,0.10672
3.991601,-37.63184,60.50048,0.09912
4.011601,-38.05888,61.11808,0.09912
4.031601,-38.4936,61.74368,0.09152
4.051601,-38.92824,62.39968,0.09152
4.071601,-39.35528,63.04768,0.08384
4.091601,-39.78992,63.65008,0.08384
4.111601,-40.21696,64.23728,0.07624
4.131601,-40.6516,64.97728,0.07624
4.151601,-41.08624,65.48048,0.06864
4.171601,-41.51328,66.18928,0.06864
4.191601,-41.94792,66.76928,0.06096
4.211601,-42.37496,67.43248,0.06096
4.231601,-42.8096,68.10368,0.05336
4.251601,-43.24424,68.69808,0.05336
4.271601,-43.67128,69.37728,0.05336
4.291601,-44.10592,69.98688,0.04576
4.311601,-44.53296,70.65008,0.04576
4.331601,-44.9676,71.25248,0.03808
4.351601,-45.40992,71.88608,0.03808
4.371601,-45.82928,72.56448,0.03048
4.391601,-46.26392,73.15168,0.03048
4.411601,-46.69864,73.76128,0.02288
4.431601,-47.1256,74.44048,0.02288
4.451601,-47.56032,75.06528,0.02288
4.471601,-47.98728,75.72128,0.0152
4.491601,-48.422,76.39248,0.0076
4.511601,-48.84904,76.94928,0.0076
4.531601,-49.28368,77.61248,0.0
4.551601,-49.71832,78.32128,0.0
4.571601,-50.15296,78.87088,-0.00768
4.591601,-50.5876,79.59488,-0.00768
4.611601,-51.01464,80.09808,-0.01528
4.631601,-51.44168,80.78448,-0.01528
4.651601,-51.88392,81.39488,-0.02288
4.671601,-52.30336,82.02768,-0.02288
4.691601,-52.7456,82.65328,-0.03056
4.711601,-53.17264,83.29328,-0.03056
4.731601,-53.60728,83.86528,-0.03056
4.751601,-54.042,84.55888,-0.03056
4.771601,-54.46896,85.20768,-0.03816
4.791601,-54.90368,85.82528,-0.04576
4.811601,-55.33072,86.50368,-0.04576
4.831601,-55.76536,87.02208,-0.05344
4.851601,-56.1924,87.76928,-0.05344
4.871601,-56.61936,88.31888,-0.06104
4.891601,-57.06168,89.13488,-0.06104
4.911601,-57.48872,89.72928,-0.06864
4.931601,-57.92336,90.28608,-0.06864
4.951601,-58.358,91.03328,-0.07632
4.971601,-58.78504,91.52128,-0.07632
4.991601,-59.21968,92.31408,-0.08392
5.011601,-59.64672,92.86368,-0.08392
5.031601,-60.07376,93.55728,-0.09152
5.051601,-60.516,94.12928,-0.09152
5.071601,-60.94304,94.87648,-0.09912
5.091601,-61.37768,95.45648,-0.09912
5.111601,-61.8124,96.12688,-0.1068
5.131601,-62.23176,96.72928,-0.1068
5.151601,-62.67408,97.37808,-0.1144
5.171601,-63.09344,97.96528,-0.1144
5.191601,-63.52808,98.60528,-0.122
5.211601,-63.96272,99.31488,-0.122
5.231601,-64.39744,99.96288,-0.12968
5.251601,-64.83208,100.60368,-0.12968
5.271601,-65.25912,101.21328,-0.13728
5.291601,-65.69376,101.80048,-0.13728
5.311601,-66.1208,102.51008,-0.14488
5.331601,-66.55544,103.18848,-0.14488
5.351601,-66.98248,104.00448,-0.15256
5.371601,-67.41712,104.59168,-0.15256
5.391601,-67.85176,105.15568,-0.16016
5.411601,-68.2788,105.80368,-0.16016
5.431601,-68.71344,106.33008,-0.16776
5.451601,-69.14808,107.09248,-0.16776
5.471601,-69.56752,107.65728,-0.16776
5.491601,-70.00976,108.36608,-0.17544
5.511601,-70.4368,108.92288,-0.17544
5.531601,-70.86384,109.57888,-0.18304
5.551601,-71.30616,110.11968,-0.18304
5.571601,-71.72552,110.81408,-0.19064
5.591601,-72.16784,111.44688,-0.19832
5.611601,-72.60248,112.07248,-0.19832
5.631601,-73.02184,112.74288,-0.19832
5.651601,-73.46416,113.23888,-0.20592
5.671601,-73.88352,114.00928,-0.20592
5.691601,-74.31816,114.57328,-0.21352
5.711601,-74.75288,115.26688,-0.21352
5.731601,-75.17984,115.82368,-0.2212
5.751601,-75.61456,116.51008,-0.2288
5.771601,-76.0492,117.09008,-0.2288
5.791601,-76.47624,117.69968,-0.2288
5.811601,-76.91848,118.37088,-0.2364
5.831601,-77.33792,118.92768,-0.24408
5.851601,-77.77256,119.62128,-0.24408
5.871601,-78.2072,120.13248,-0.25168
5.891601,-78.63424,120.86448,-0.25168
5.911601,-79.06888,121.36768,-0.25928
5.931601,-79.49592,122.16848,-0.25928
5.951601,-79.93056,122.71008,-0.26688
5.971601,-80.3652,123.39568,-0.26688
5.991601,-80.79224,123.94528,-0.27456
6.011601,-81.21928,124.63168,-0.27456
6.031601,-81.6616,125.30208,-0.28216
6.051601,-82.08096,125.89728,-0.28216
6.071601,-82.52328,126.53808,-0.28976
6.091601,-82.95024,127.06368,-0.28976
6.111601,-83.37728,127.76528,-0.29744
6.131601,-83.81192,128.38288,-0.29744
6.151601,-83.72808,128.48208,-0.30504
6.171601,-83.7052,128.48208,-0.30504
6.191601,-83.74336,128.48208,-0.30504
6.211601,-83.72048,128.48208,-0.30504
6.231601,-83.72808,128.48208,-0.30504
6.251601,-83.72808,128.48208,-0.30504
6.271601,-83.72808,128.48208,-0.30504
6.291601,-83.72808,128.49008,-0.30504
6.311601,-83.72808,128.49008,-0.30504
6.331601,-83.72808,128.49008,-0.30504
6.351601,-83.72808,128.49008,-0.30504
6.371601,-83.72808,128.49008,-0.30504
6.391601,-83.72808,128.49008,-0.30504
6.411601,-83.72808,128.49008,-0.30504
6.431601,-83.72808,128.49008,-0.30504
6.451601,-83.72808,128.49008,-0.30504
6.471601,-83.72808,128.49008,-0.30504
6.491601,-83.72808,128.49008,-0.30504
6.511601,-83.72808,128.49008,-0.30504
6.531601,-83.72808,128.49008,-0.30504
6.551601,-83.72808,128.49008,-0.30504
6.571601,-83.72808,128.49728,-0.30504
6.591601,-83.72808,128.49728,-0.30504
6.611601,-83.72808,128.49728,-0.30504
6.631601,-83.72808,128.49728,-0.30504
6.651601,-83.72808,128.49728,-0.30504
6.671601,-83.72808,128.49728,-0.30504
6.691601,-83.72808,128.49728,-0.30504
6.711601,-83.72808,128.49728,-0.30504
6.731601,-83.72048,128.50528,-0.30504
6.751601,-83.72048,128.51248,-0.30504
6.771601,-83.72048,128.51248,-0.30504
6.791601,-83.72048,128.51248,-0.30504
6.811601,-83.72048,128.51248,-0.30504
6.831601,-83.72048,128.52048,-0.30504
6.851601,-83.72048,128.52048,-0.30504
6.871601,-83.72048,128.52768,-0.30504
6.891601,-83.72048,128.53568,-0.30504
6.911601,-83.72808,128.55088,-0.30504
6.931601,-83.72048,128.55808,-0.30504
6.951601,-83.72048,128.55808,-0.30504
6.971601,-83.72048,128.55808,-0.30504
6.991601,-83.72048,128.55808,-0.30504
7.011601,-83.72048,128.56608,-0.30504
7.031601,-83.72048,128.56608,-0.30504
7.051601,-83.72048,128.56608,-0.30504
7.071601,-83.72048,128.56608,-0.30504
7.091601,-83.72048,128.56608,-0.30504
7.111601,-83.72048,128.56608,-0.30504
7.131601,-83.72048,128.56608,-0.30504
7.151601,-83.72048,128.56608,-0.30504
7.171601,-83.72048,128.56608,-0.30504
7.191601,-83.72048,128.56608,-0.30504
7.211601,-83.72048,128.56608,-0.30504
7.231601,-83.72048,128.56608,-0.30504
7.251601,-83.72048,128.56608,-0.30504
7.271601,-83.72048,128.56608,-0.30504
7.291601,-83.72048,128.56608,-0.30504
7.311601,-83.72048,128.56608,-0.30504
7.331601,-83.72048,128.56608,-0.30504
7.351601,-83.72048,128.57408,-0.30504
7.371601,-83.72048,128.57408,-0.30504
7.391601,-83.72048,128.57408,-0.30504
7.411601,-83.72048,128.57408,-0.30504
7.431601,-83.72048,128.57408,-0.30504
7.451601,-83.72048,128.57408,-0.30504
7.471601,-83.72048,128.57408,-0.30504
7.491601,-83.72048,128.57408,-0.30504
7.511601,-83.72048,128.57408,-0.30504
7.531601,-83.72048,128.57408,-0.30504
7.551601,-83.72048,128.57408,-0.30504
7.571601,-83.72048,128.57408,-0.30504
7.591601,-83.72048,128.57408,-0.30504
7.611601,-83.72048,128.57408,-0.30504
7.631601,-83.72048,128.57408,-0.30504
7.651601,-83.72048,128.57408,-0.30504
7.671601,-83.72048,128.57408,-0.30504
7.691601,-83.72048,128.57408,-0.30504
7.711601,-83.72048,128.57408,-0.30504
7.731601,-83.72048,128.57408,-0.30504
7.751601,-83.72048,128.57408,-0.30504
7.771701,-83.72048,128.57408,-0.30504
7.791601,-83.72048,128.57408,-0.30504
7.811601,-83.72048,128.57408,-0.30504
7.831601,-83.72048,128.57408,-0.30504
7.851601,-83.72048,128.57408,-0.30504
7.871601,-83.72048,128.57408,-0.30504
7.891601,-83.72048,128.57408,-0.30504
7.911601,-83.72048,128.57408,-0.30504
7.931601,-83.72048,128.57408,-0.30504
7.951601,-83.72048,128.57408,-0.30504
7.971601,-83.72048,128.57408,-0.30504
7.991601,-83.72048,128.57408,-0.30504
8.011601,-83.72048,128.57408,-0.30504
8.031601,-83.72048,128.57408,-0.30504
8.051601,-83.72048,128.57408,-0.30504
8.071601,-83.72048,128.57408,-0.30504
8.091601,-83.72048,128.57408,-0.30504
8.111601,-83.72048,128.57408,-0.30504
8.131601,-83.72808,128.57408,-0.30504
8.151601,-83.98736,128.57408,0.22112
8.171601,-84.25424,128.57408,0.74728
8.191601,-84.43728,128.57408,1.14384
8.211601,-84.71176,128.57408,1.72336
8.231601,-84.91768,128.57408,2.1656
8.251601,-85.16168,128.57408,2.68416
8.271601,-85.39808,128.57408,3.17984
8.291601,-85.6192,128.57408,3.65256
8.311601,-85.8632,128.57408,4.17112
8.331601,-86.08432,128.57408,4.65152
8.351601,-86.32072,128.57408,5.16248
8.371601,-86.54952,128.57408,5.6352
8.391601,-86.78592,128.57408,6.15376
8.411601,-87.01464,128.57408,6.63416
8.431601,-87.25104,128.57408,7.12216
8.451601,-87.47984,128.57408,7.61784
8.471601,-87.71624,128.57408,8.10592
8.491601,-87.94496,128.57408,8.6168
8.511601,-88.18136,128.57408,9.1048
8.531601,-88.41016,128.57408,9.62336
8.551601,-88.64656,128.57408,10.11104
8.571601,-88.87528,128.57408,10.60704
8.591601,-89.11168,128.57408,11.09504
8.611601,-89.34048,128.57408,11.59104
8.631601,-89.5768,128.57408,12.08624
8.651601,-89.8056,128.57408,12.55904
8.671601,-90.0344,128.57408,13.07744
8.691601,-90.27072,128.57408,13.54304
8.711601,-90.49952,128.57408,14.07664
8.731601,-90.72832,128.57408,14.54144
8.751601,-90.97232,128.57408,15.04544
8.771601,-91.20104,128.57408,15.54864
8.791601,-91.43744,128.57408,16.02144
8.811601,-91.66624,128.57408,16.55504
8.831601,-91.89496,128.57408,17.00464
8.851601,-92.13136,128.57408,17.53904
8.871601,-92.36016,128.57408,18.02704
8.891601,-92.59656,128.57408,18.51504
8.911601,-92.82528,128.57408,19.01824
8.931601,-93.06168,128.57408,19.49104
8.951601,-93.29048,128.57408,20.00944
8.971601,-93.52688,128.57408,20.46704
8.991601,-93.7556,128.57408,21.00864
9.011601,-93.9844,128.57408,21.47344
9.031601,-94.2208,128.57408,21.96944
9.051601,-94.44952,128.57408,22.47984
9.071601,-94.68592,128.57408,22.93744
9.091601,-94.91472,128.57408,23.47104
9.111601,-95.15112,128.57408,23.92864
9.131601,-95.38744,128.57408,24.45504
9.151601,-95.61624,128.57408,24.95024
9.171601,-95.84504,128.57408,25.43104
9.191601,-96.08136,128.57408,25.93424
9.211601,-96.31016,128.57408,26.40704
9.231601,-96.54656,128.57408,26.93344
9.251601,-96.77528,128.57408,27.39104
9.271601,-97.01168,128.57408,27.91664
9.291601,-97.24808,128.57408,28.39744
9.311601,-97.4692,128.57408,28.90064
9.331601,-97.7056,128.57408,29.38864
9.351601,-97.942,128.57408,29.86944
9.371601,-98.1708,128.57408,30.38784
9.391601,-98.4072,128.57408,30.85264
9.411601,-98.63592,128.57408,31.36384
9.431601,-98.87232,128.57408,31.83664
9.451601,-99.10112,128.57408,32.36224
9.471601,-99.33752,128.57408,32.85104
9.491601,-99.56624,128.57408,33.33104
9.511601,-99.80264,128.57408,33.84224
9.531601,-100.03144,128.57408,34.29984
9.551601,-100.26776,128.57408,34.81824
9.571601,-100.49656,128.57408,35.27584
9.591601,-100.73296,128.57408,35.80144
9.611601,-100.96168,128.56608,36.27424
9.631601,-101.19808,128.56608,36.77024
9.651601,-101.42688,128.56608,37.27344
9.671601,-101.66328,128.56608,37.73104
9.691601,-101.892,128.56608,38.24944
9.711601,-102.1284,128.56608,38.68384
9.731601,-102.3572,128.56608,39.21824
9.751601,-102.5936,128.55808,39.68304
9.771601,-102.82232,128.55808,40.19424
9.791601,-103.05872,128.55088,40.69744
9.811601,-103.28752,128.54288,41.15504
9.831601,-103.52392,128.53568,41.69664
9.851601,-103.75264,128.53568,42.12304
9.871601,-103.98904,128.52768,42.64944
9.891601,-104.21784,128.52768,43.12224
9.911601,-104.45424,128.52768,43.63344
9.931601,-104.68296,128.52048,44.13664
9.951601,-104.91936,128.51248,44.60944
9.971601,-105.14816,128.50528,45.13504
9.991601,-105.37688,128.50528,45.56224
10.011601,-105.61328,128.50528,46.10384
10.031601,-105.84984,128.49728,46.53104
10.051601,-106.07864,128.49008,47.05664
10.071601,-106.31464,128.45968,47.57584
10.091601,-106.54344,128.44368,48.02544
10.111601,-106.78024,128.44368,48.60464
10.131601,-107.00904,128.42848,49.04704
10.151601,-107.24504,128.41328,49.56544
10.171601,-107.47384,128.40608,50.03104
10.191601,-107.70264,128.39808,50.51904
10.211601,-107.93944,128.39088,51.06064
10.231601,-108.17544,128.36768,51.47184
10.251601,-108.40424,128.35248,52.02144
10.271601,-108.64024,128.34528,52.47104
10.291601,-108.86904,128.34528,53.01264
10.311601,-109.10584,128.33728,53.48544
10.331601,-109.33464,128.33008,53.99584
10.351601,-109.57064,128.26848,54.46864
10.371601,-109.79944,128.26848,54.94144
10.391601,-110.03624,128.26128,55.47584
10.411601,-110.26504,128.26128,55.93344
10.431601,-110.50104,128.24608,56.47424
10.451601,-110.72984,128.23088,56.92464
10.471601,-110.96664,128.22288,57.47344
10.491601,-111.19544,128.20768,57.91584
10.511601,-111.43144,128.17728,58.42624
10.531601,-111.66024,128.17728,58.90704
10.551601,-111.89704,128.16928,59.37984
10.571601,-112.12584,128.14688,59.92144
10.591601,-112.36184,128.11648,60.35584
10.611601,-112.59064,128.09328,60.91984
10.631601,-112.82664,128.06288,61.35504
10.651601,-113.05544,128.05488,61.87344
10.671601,-113.29224,128.03248,62.36144
10.691601,-113.52104,128.01728,62.83424
10.711601,-113.75704,128.00928,63.37584
10.731601,-113.98584,127.98688,63.79504
10.751601,-114.22264,127.97168,64.37424
10.771601,-114.45144,127.94848,64.77104
10.791601,-114.68744,127.93328,65.29744
10.811601,-114.91624,127.92528,65.80784
10.831601,-115.15304,127.91008,66.25824
10.851601,-115.38184,127.87968,66.85264
10.871601,-115.61784,127.87968,67.26464
10.891601,-115.84664,127.87968,67.87424
10.911601,-116.07544,127.87248,68.25584
10.931601,-116.31224,127.84128,68.78944
10.951601,-116.54824,127.84128,69.23984
10.971601,-116.77704,127.83408,69.66624
10.991601,-117.01304,127.79568,70.23824
11.011601,-117.24184,127.78048,70.60464
11.031601,-117.47864,127.78048,71.21424
11.051601,-117.70744,127.77328,71.59584
11.071601,-117.93624,127.76528,72.11424
11.091601,-118.17224,127.70448,72.61744
11.111601,-118.40104,127.68128,72.99904
11.131601,-118.63784,127.67408,73.59344
11.151601,-118.59944,127.65088,73.63984
11.171601,-118.57704,127.65088,73.63984
11.191601,-118.61464,127.65088,73.63984
11.211601,-118.58424,127.65088,73.63984
11.231601,-118.59944,127.65088,73.63984
11.251601,-118.59224,127.65088,73.63984
11.271601,-118.59224,127.65088,73.63984
11.291601,-118.59224,127.65088,73.63984
11.311601,-118.59224,127.65088,73.63984
11.331601,-118.59224,127.65088,73.63984
11.351601,-118.59224,127.65088,73.63984
11.371601,-118.59224,127.65088,73.63984
11.391601,-118.59224,127.65088,73.63984
11.411601,-118.59224,127.65088,73.63984
11.431601,-118.59224,127.65088,73.63984
11.451601,-118.59224,127.65088,73.63984
11.471601,-118.59224,127.65088,73.63984
11.491601,-118.59224,127.65088,73.63984
11.511601,-118.59224,127.65088,73.63984
11.531601,-118.59224,127.65088,73.63984
11.551601,-118.59224,127.65088,73.63984
11.571601,-118.59224,127.65088,73.63984
11.591601,-118.59224,127.65088,73.63984
11.611601,-118.59224,127.65088,73.63984
11.631601,-118.59224,127.65088,73.63984
11.651601,-118.59224,127.65088,73.63984
11.671601,-118.59224,127.65088,73.63984
11.691601,-118.59224,127.65088,73.63984
11.711601,-118.59224,127.65088,73.63984
11.731601,-118.59224,127.65088,73.63984
11.751601,-118.59224,127.65088,73.63984
11.771601,-118.59224,127.65088,73.63984
11.791601,-118.59224,127.65088,73.63984
11.811601,-118.59224,127.65088,73.63984
11.831601,-118.59224,127.65088,73.63984
11.851601,-118.59224,127.65088,73.63984
11.871601,-118.59224,127.65088,73.63984
11.891601,-118.59224,127.65088,73.63984
11.911601,-118.59224,127.65088,73.63984
11.931601,-118.59224,127.65088,73.63984
11.951601,-118.59224,127.65088,73.63984
11.971601,-118.59224,127.65088,73.63984
11.991601,-118.59224,127.65088,73.63984
12.011601,-118.59224,127.65088,73.63984
12.031601,-118.59224,127.65088,73.63984
12.051601,-118.59224,127.65088,73.63984
12.071601,-118.59224,127.65088,73.63984
12.091601,-118.59224,127.65088,73.63984
12.111601,-118.59224,127.65088,73.63984
12.131601,-118.59224,127.65088,73.63984
12.151601,-118.59224,127.65088,73.63984
12.171601,-118.59224,127.65088,73.63984
12.191601,-118.59224,127.65088,73.63984
12.211601,-118.59224,127.65088,73.63984
12.231601,-118.59224,127.65088,73.63984
12.251601,-118.59224,127.65088,73.63984
12.271601,-118.59224,127.65088,73.63984
12.291601,-118.59224,127.65088,73.63984
12.311601,-118.59224,127.65088,73.63984
12.331601,-118.59224,127.65088,73.63984
12.351601,-118.59224,127.65088,73.63984
12.371601,-118.59224,127.65088,73.63984
12.391601,-118.59224,127.65088,73.63984
12.411601,-118.59224,127.65088,73.63984
12.431601,-118.59224,127.65088,73.63984
12.451601,-118.59224,127.65088,73.63984
12.471601,-118.59224,127.65088,73.63984
12.491601,-118.59224,127.65088,73.63984
12.511601,-118.59224,127.65088,73.63984
12.531601,-118.59224,127.65088,73.63984
12.551601,-118.59224,127.65088,73.63984
12.571601,-118.59224,127.65088,73.63984
12.591601,-118.59224,127.65088,73.63984
12.611601,-118.59224,127.65088,73.63984
12.631601,-118.59224,127.65088,73.63984
12.651601,-118.59224,127.65088,73.63984
12.671601,-118.59224,127.65088,73.63984
12.691601,-118.59224,127.65088,73.63984
12.711601,-118.59224,127.65088,73.63984
12.731601,-118.59224,127.65088,73.63984
12.751601,-118.59224,127.65088,73.63984
12.771601,-118.59224,127.65088,73.63984
12.791601,-118.59224,127.65088,73.63984
12.811601,-118.59224,127.65088,73.63984
12.831601,-118.59224,127.65088,73.63984
12.851601,-118.59224,127.65088,73.63984
12.871601,-118.59224,127.65088,73.63984
12.891601,-118.59224,127.65088,73.63984
12.911601,-118.59224,127.65088,73.63984
12.931601,-118.59224,127.65088,73.63984
12.951601,-118.59224,127.65088,73.63984
12.971601,-118.59224,127.65088,73.63984
12.991601,-118.59224,127.65088,73.63984
13.011601,-118.59224,127.65088,73.63984
13.031601,-118.59224,127.65088,73.63984
13.051601,-118.59224,127.65088,73.63984
13.071601,-118.59224,127.65088,73.63984
13.091601,-118.59224,127.65088,73.63984
13.111601,-118.59224,127.65088,73.63984
13.131601,-118.58424,127.63568,73.63984
13.151601,-117.86744,126.89648,73.59344
13.171601,-117.19624,126.27808,73.25024
13.191601,-116.70824,125.74448,72.91504
13.211601,-115.99144,125.05088,72.57184
13.231601,-115.46504,124.49408,72.20624
13.251601,-114.81704,123.85328,71.86304
13.271601,-114.22264,123.23568,71.48944
13.291601,-113.62744,122.60288,71.13824
13.311601,-113.00264,121.97008,70.77264
13.331601,-112.41544,121.35248,70.40624
13.351601,-111.79784,120.71168,70.04784
13.371601,-111.18744,120.10928,69.67424
13.391601,-110.59304,119.46848,69.31584
13.411601,-109.97544,118.85088,68.94224
13.431601,-109.37304,118.21808,68.58384
13.451601,-108.77784,117.57808,68.21024
13.471601,-108.16024,116.96768,67.84384
13.491601,-107.56504,116.31968,67.47824
13.511601,-106.94744,115.70208,67.10464
13.531601,-106.35304,115.04608,66.73824
13.551601,-105.73528,114.43568,66.37264
13.571601,-105.13288,113.79568,65.99904
13.591601,-104.53048,113.18528,65.64064
13.611601,-103.9204,112.54528,65.26704
13.631601,-103.318,111.91968,64.90064
13.651601,-102.7156,111.27888,64.53504
13.671601,-102.10552,110.64608,64.16064
13.691601,-101.50312,110.02848,63.80224
13.711601,-100.89312,109.38768,63.42864
13.731601,-100.28304,108.77008,63.05504
13.751601,-99.68824,108.13008,62.68944
13.771601,-99.07056,107.49648,62.32304
13.791601,-98.46816,106.87168,61.95744
13.811601,-97.85816,106.23888,61.58384
13.880301,-95.79928,104.09568,60.34064
13.900201,-95.1892,103.44768,59.95184
13.920201,-94.5792,102.82208,59.57824
13.940101,-93.9844,102.19728,59.23504
13.960101,-93.37432,101.57168,58.85344
13.980201,-92.76432,100.93088,58.51024
14.000201,-92.16952,100.29808,58.10624
14.020201,-91.55944,99.66528,57.75584
14.040301,-90.94944,99.03248,57.38944
14.060101,-90.34704,98.41488,57.00864
14.080201,-89.74456,97.77408,56.65024
14.100201,-89.13456,97.14128,56.26864
14.120201,-88.53216,96.51568,55.91024
14.140201,-87.92976,95.87568,55.53664
14.160101,-87.31968,95.25008,55.16304
14.180201,-86.70968,94.61008,54.81184
14.200201,-86.1072,93.99168,54.43104
14.220201,-85.5048,93.35888,54.06464
14.240101,-84.8948,92.71888,53.69904
14.260101,-84.28472,92.10128,53.32544
14.280201,-83.68992,91.46048,52.96704
14.300201,-83.07992,90.83488,52.58544
14.320201,-82.46984,90.19488,52.21984
14.340201,-81.86744,89.56128,51.86144
14.360101,-81.25744,88.92848,51.47984
14.380201,-80.64736,88.29568,51.12144
14.400201,-80.05256,87.67808,50.74784
14.420201,-79.44256,87.03728,50.37424
14.440201,-78.83248,86.41248,50.00784
14.460101,-78.23768,85.77968,49.63424
14.480201,-77.62008,85.14608,49.27584
14.500101,-77.0176,84.52128,48.90224
14.520201,-76.4152,83.88848,48.52864
14.540201,-75.8052,83.26288,48.17024
14.560101,-75.20272,82.62208,47.78864
14.580201,-74.59272,81.99728,47.42304
14.600101,-73.99032,81.36448,47.06464
14.620201,-73.38024,80.73088,46.68304
14.640201,-72.77784,80.10608,46.32464
14.660101,-72.16784,79.47328,45.95104
14.680101,-71.56536,78.84048,45.57744
14.700301,-70.96296,78.20688,45.21904
14.720201,-70.35296,77.57408,44.83824
14.740201,-69.75048,76.94928,44.47984
14.760101,-69.14048,76.31648,44.11344
14.780201,-68.5304,75.68288,43.73264
14.800101,-67.93568,75.05008,43.37424
14.820201,-67.318,74.41728,42.99984
14.840101,-66.7232,73.78448,42.62624
14.860101,-66.11312,73.15168,42.26784
14.880201,-65.50312,72.51888,41.89424
14.900201,-64.90832,71.89328,41.52864
14.920201,-64.29064,71.26048,41.16224
14.940201,-63.68824,70.62768,40.78864
14.960101,-63.08584,69.99488,40.42304
14.980201,-62.46816,69.36928,40.04944
15.000201,-61.87336,68.73648,39.68304
15.020201,-61.26336,68.09568,39.30944
15.040201,-60.65328,67.47088,38.94384
15.060101,-60.05848,66.83728,38.57744
15.080101,-59.44848,66.20448,38.20384
15.100201,-58.8384,65.57968,37.83744
15.120201,-58.236,64.93888,37.47184
15.140201,-57.62592,64.31328,37.09824
15.160101,-57.02352,63.68048,36.73184
15.180201,-56.41352,63.04768,36.36624
15.200201,-55.81112,62.41488,35.98464
15.220201,-55.20864,61.78928,35.63424
15.240201,-54.59864,61.14928,35.25264
15.260101,-53.98856,60.52368,34.88704
15.280201,-53.38616,59.89088,34.52864
15.300201,-52.78376,59.26528,34.13904
15.320201,-52.17376,58.62528,33.78864
15.340201,-51.57128,57.99968,33.40704
15.360101,-50.96128,57.37408,33.04864
15.380201,-50.35888,56.72608,32.67504
15.400201,-49.7488,56.10128,32.30144
15.420201,-49.1464,55.46768,31.94304
15.440101,-48.53632,54.83488,31.56944
15.460101,-47.93392,54.21008,31.20384
15.480201,-47.33152,53.56928,30.83024
15.500201,-46.72152,52.94368,30.45664
15.520201,-46.11144,52.31088,30.09824
15.540201,-45.51664,51.67808,29.72384
15.560101,-44.89896,51.05248,29.35824
15.580201,-44.30416,50.41248,28.99184
15.600201,-43.69416,49.77968,28.61824
15.620201,-43.08408,49.15408,28.25264
15.640201,-42.48936,48.52128,27.88624
15.660101,-41.87168,47.88848,27.50544
15.680201,-41.26928,47.25568,27.14704
15.700101,-40.6668,46.63008,26.77344
15.720201,-40.0568,45.98928,26.40704
15.740201,-39.44672,45.35648,26.03344
15.760101,-38.852,44.73088,25.66704
15.780201,-38.23432,44.09088,25.30144
15.800201,-37.63184,43.46528,24.92784
15.820201,-37.02944,42.84048,24.56144
15.840201,-36.41944,42.19968,24.19584
15.860101,-35.81704,41.57408,23.82224
15.880201,-35.21456,40.94128,23.46384
15.900201,-34.60456,40.30048,23.08224
15.920201,-33.99448,39.67568,22.71664
15.940201,-33.39972,39.04288,22.35824
15.960101,-32.782056,38.41008,21.97664
15.980201,-32.17964,37.78448,21.62624
16.000201,-31.577224,37.14368,21.23664
16.020201,-30.967184,36.51888,20.87104
16.040101,-30.364768,35.88528,20.50464
16.060201,-29.762352,35.25248,20.13104
16.080201,-29.152312,34.61968,19.76544
16.100201,-28.557528,33.99488,19.39904
16.120201,-27.939856,33.35408,19.02544
16.140201,-27.33744,32.72104,18.66704
16.160101,-26.735032,32.08816,18.29344
16.180101,-26.117362,31.46288,17.91984
16.200201,-25.530198,30.82992,17.56144
16.220201,-24.935408,30.19704,17.18064
16.240201,-24.317744,29.56408,16.82224
16.260101,-23.715328,28.9312,16.44784
16.280101,-23.112912,28.29832,16.08224
16.300201,-22.502872,27.67296,15.70864
16.320201,-21.900456,27.03248,15.34224
16.340201,-21.29804,26.40712,14.97664
16.360201,-20.688,25.77424,14.60304
16.380101,-20.085584,25.14136,14.23664
16.400201,-19.475544,24.5084,13.86304
16.420101,-18.873128,23.88312,13.50464
16.440201,-18.270712,23.24256,13.12384
16.460101,-17.66064,22.61728,12.76544
16.480101,-17.05064,21.97672,12.39904
16.500101,-16.44824,21.35144,12.01744
16.520301,-15.83816,20.71856,11.65904
16.540201,-15.24336,20.0856,11.28544
16.560101,-14.63336,19.46032,10.91984
16.580201,-14.03096,18.81976,10.54624
16.600201,-13.42848,18.19448,10.17264
16.620201,-12.81848,17.5616,9.814
16.640101,-12.21608,16.92104,9.43272
16.660101,-11.606,16.29576,9.07432
16.680201,-11.0036,15.6628,8.70832
16.700201,-10.3936,15.02992,8.32704
16.720201,-9.7988,14.39696,7.96864
16.740201,-9.18872,13.77168,7.59496
16.760101,-8.58632,13.13112,7.22136
16.780201,-7.97624,12.49824,6.87056
16.800101,-7.38152,11.87296,6.48168
16.820201,-6.77144,11.24,6.1156
16.840201,-6.16144,10.60712,5.73432
16.860101,-5.55896,9.97416,5.3988
16.880201,-4.94896,9.33368,5.0252
16.900201,-4.35416,8.70832,4.63632
16.920101,-3.74416,8.07544,4.29312
16.940201,-3.13408,7.44248,3.91952
16.960201,-2.53928,6.8096,3.53824
16.980201,-1.92928,6.17672,3.19504
17.000201,-1.3268,5.55136,2.78328
17.020201,-0.7244,4.91088,2.44016
17.040201,-0.1296,4.28552,2.05888
17.060101,0.4804,3.65264,1.6928
17.080101,1.0752,3.01208,1.3344
17.100201,1.6852,2.3944,0.9532
17.120201,2.28,1.75392,0.5948
17.140201,2.70704,1.3192,0.31264
17.160101,2.46304,1.6624,0.4956
17.180201,2.57744,1.48696,0.41936
17.200301,2.54696,1.5404,0.43464
17.220201,2.54696,1.5556,0.44224
17.240101,2.54696,1.51752,0.43464
17.260101,2.54696,1.548,0.43464
17.280201,2.54696,1.53272,0.43464
17.300201,2.54696,1.5404,0.43464
17.320201,2.54696,1.5404,0.43464
17.340201,2.54696,1.5404,0.43464
17.360101,2.54696,1.5404,0.43464
17.380101,2.54696,1.5404,0.43464
17.400201,2.54696,1.5404,0.43464
17.420201,2.54696,1.5404,0.43464
17.440201,2.54696,1.5404,0.43464
17.460101,2.54696,1.5404,0.43464
17.480101,2.54696,1.5404,0.43464
17.500101,2.54696,1.5404,0.43464
17.520201,2.54696,1.5404,0.43464
17.540201,2.54696,1.5404,0.43464
17.560101,2.54696,1.5404,0.43464
17.580101,2.54696,1.5404,0.43464
17.600201,2.54696,1.5404,0.43464
17.620201,2.54696,1.5404,0.43464
17.640101,2.54696,1.5404,0.43464
17.660101,2.54696,1.5404,0.43464
17.680101,2.54696,1.5404,0.43464
17.700201,2.54696,1.5404,0.43464
17.720101,2.54696,1.5404,0.43464
17.740101,2.54696,1.5404,0.43464
17.760201,2.54696,1.5404,0.43464
17.780201,2.54696,1.5404,0.43464
17.800201,2.54696,1.5404,0.43464
17.820201,2.54696,1.5404,0.43464
17.840201,2.54696,1.5404,0.43464
17.860101,2.54696,1.5404,0.43464
17.880201,2.54696,1.5404,0.43464
17.900201,2.54696,1.5404,0.43464
17.920201,2.54696,1.5404,0.43464
17.940201,2.54696,1.5404,0.43464
17.960101,2.54696,1.5404,0.43464
17.980101,2.54696,1.5404,0.43464
18.000201,2.54696,1.5404,0.43464
18.020201,2.54696,1.5404,0.43464
18.040201,2.54696,1.5404,0.43464
18.060101,2.54696,1.5404,0.43464
18.080201,2.54696,1.5404,0.43464
18.100101,2.54696,1.5404,0.43464
18.120201,2.54696,1.5404,0.43464
18.140201,2.54696,1.5404,0.43464
18.160201,2.54696,1.5404,0.43464
18.180101,2.54696,1.5404,0.43464
18.200201,2.54696,1.5404,0.43464
18.220201,2.54696,1.5404,0.43464
18.240101,2.54696,1.5404,0.43464
18.260101,2.54696,1.5404,0.43464
18.280201,2.54696,1.5404,0.43464
18.300201,2.54696,1.5404,0.43464
18.320201,2.54696,1.5404,0.43464
18.340201,2.54696,1.5404,0.43464
18.360101,2.54696,1.5404,0.43464
18.380201,2.54696,1.5404,0.43464
18.400101,2.54696,1.5404,0.43464
18.420201,2.54696,1.5404,0.43464
18.440101,2.54696,1.5404,0.43464
18.460101,2.54696,1.5404,0.43464
18.480201,2.54696,1.5404,0.43464
18.500201,2.54696,1.5404,0.43464
18.520201,2.54696,1.5404,0.43464
18.540201,2.54696,1.5404,0.43464
18.560101,2.54696,1.5404,0.43464
18.580101,2.54696,1.5404,0.43464
18.600201,2.54696,1.5404,0.43464
18.620201,2.54696,1.5404,0.43464
18.640201,2.54696,1.5404,0.43464
18.660101,2.54696,1.5404,0.43464
18.680201,2.54696,1.5404,0.43464
18.700201,2.54696,1.5404,0.43464
18.720201,2.54696,1.5404,0.43464
18.740201,2.54696,1.5404,0.43464
18.760201,2.54696,1.5404,0.43464
18.780101,2.54696,1.5404,0.43464
18.800201,2.54696,1.5404,0.43464
18.820101,2.54696,1.5404,0.43464
18.840201,2.54696,1.5404,0.43464
18.860101,2.54696,1.5404,0.43464
18.880201,2.54696,1.5404,0.43464
18.900201,2.54696,1.5404,0.43464
18.920201,2.54696,1.5404,0.43464
18.940201,2.54696,1.5404,0.43464
18.960101,2.54696,1.5404,0.43464
18.980201,2.54696,1.5404,0.43464
19.000201,2.54696,1.5404,0.43464
19.020201,2.54696,1.5404,0.43464
19.040101,2.54696,1.5404,0.43464
19.060101,2.54696,1.5404,0.43464
19.080201,2.54696,1.5404,0.43464
19.100201,2.54696,1.5404,0.43464
19.120201,2.54696,1.5404,0.43464
19.140201,2.54696,1.5404,0.43464
19.160101,2.54696,1.5404,0.43464
19.180201,2.54696,1.5404,0.43464
19.200201,2.54696,1.5404,0.43464
19.220301,2.54696,1.5404,0.43464
19.240201,2.54696,1.5404,0.43464
19.260101,2.54696,1.5404,0.43464
19.280101,2.54696,1.5404,0.43464
19.300101,2.54696,1.5404,0.43464
19.320201,2.54696,1.5404,0.43464
19.340201,2.54696,1.5404,0.43464
19.360101,2.54696,1.5404,0.43464
19.380201,2.54696,1.5404,0.43464
19.400201,2.54696,1.5404,0.43464
19.420201,2.54696,1.5404,0.43464
19.440201,2.54696,1.5404,0.43464
19.460201,2.54696,1.5404,0.43464
19.480101,2.54696,1.5404,0.43464
19.500201,2.54696,1.5404,0.43464
19.520201,2.54696,1.5404,0.43464
19.540201,2.54696,1.5404,0.43464
19.560101,2.54696,1.5404,0.43464
19.580201,2.54696,1.5404,0.43464
19.600201,2.54696,1.5404,0.43464
19.620201,2.54696,1.5404,0.43464
19.640101,2.54696,1.5404,0.43464
19.660101,2.54696,1.5404,0.43464
19.680101,2.54696,1.5404,0.43464
19.700101,2.54696,1.5404,0.43464
19.720201,2.54696,1.5404,0.43464
19.740201,2.54696,1.5404,0.43464
19.760101,2.54696,1.5404,0.43464
19.780201,2.54696,1.5404,0.43464
19.800201,2.54696,1.5404,0.43464
19.820201,2.54696,1.5404,0.43464
19.840201,2.54696,1.5404,0.43464
19.860101,2.54696,1.5404,0.43464
19.880201,2.54696,1.5404,0.43464
19.900201,2.54696,1.5404,0.43464
19.920101,2.54696,1.5404,0.43464
19.940201,2.54696,1.5404,0.43464
19.960101,2.54696,1.5404,0.43464
19.980201,2.54696,1.5404,0.43464
